soc20m,N,E1,E2,hi_E1,hi_E2,gaisi_beta,gaisi_alpha,gaisi_gamma,hi_gaisi
1111,77.55000042915344,22.77750045061111,25.42250048927963,6.000000059604645,4.900000035762787,.45762411,.29371375,.62153453,.10896196
1112,53.00000011920929,14.51500027999282,12.04750037752092,4.299999952316284,1.100000023841858,.38752359,.27386793,.50117928,.091509432
1121,46.00000035762787,13.33250034600496,21.3200006633997,2.949999988079071,17.20000022649765,.52157611,.28983697,.75331521,.25108695
1122,44.40000039339066,13.09250038862228,14.87250056862831,3,4.800000071525574,.46235925,.29487613,.62984234,.12162162
1123,63.75000035762787,17.84000052511692,26.42750068381429,6.050000071525574,16.80000007152557,.48711765,.27984315,.69439214,.22666667
1131,120.9500005841255,30.16000065952539,51.68000089935958,1.300000011920929,38.10000032186508,.46300125,.24935925,.67664325,.16825135
1132,70.20000016689301,20.17000051960349,24.81250055134296,4.899999916553497,13.80000007152557,.46404916,.28732195,.6407764,.16809116
1133,29.75000011920929,8.792500238865614,8.930000204592943,4.000000059604645,2.849999964237213,.44563025,.29554623,.59571427,.18235295
1134,59.40000027418137,17.6425003297627,27.89500072225928,1.449999988079071,19.45000028610229,.53181821,.29701179,.76662457,.18813132
1135,39.55000048875809,11.31000051647425,11.33000046014786,3.900000035762787,1.550000011920929,.42920354,.28596714,.57243997,.1182048
1136,148.4000005125999,55.18500121682882,44.15750113688409,30.15000015497208,7.650000095367432,.5206452,.37186658,.66942388,.22894205
1137,71.35000056028366,25.12500056251884,28.38500103354454,9.150000035762787,19.90000027418137,.55105114,.35213736,.74996495,.26769447
1139,141.850000500679,40.65250102616847,45.94750132784247,10.05000013113022,19.25000017881393,.44854602,.28658795,.61050409,.13870285
1140,39.50000047683716,12.05750033259392,19.66250056028366,2.25,17.20000022649765,.55414557,.30525318,.803038,.27468354
1150,46.80000019073486,13.09500028565526,17.67000032961369,.75,4.250000059604645,.46858975,.27980769,.65737182,.061431624
1161,78.15000039339066,18.00000045076013,25.57500081881881,6.75,12.25000011920929,.39395395,.23032629,.5575816,.16474728
1162,76.25000059604645,18.36250054463744,26.15750075504184,5.199999988079071,16.60000014305115,.41234428,.24081968,.58386886,.17704917
1163,126.3500000834465,34.79550076089799,42.31700084730983,13.94999986886978,20.30000001192093,.44284925,.27538979,.61030871,.19074
1171,78.94999998807907,22.76000063121319,25.34500047564507,7.649999976158142,11.09999996423721,.44879672,.28828374,.60930973,.16719443
1172,23.65000015497208,7.832500204443932,7.362500175833702,3.050000011920929,0,.48683932,.33118394,.64249474,.12896405
1211,36.79999965429306,10.74750014767051,12.50250024348497,2.099999964237213,5.649999916553497,.46192256,.29205164,.6317935,.13383152
1212,124.3000000119209,23.89250068366528,42.71250128373504,3.100000023841858,33.70000016689301,.36402857,.19221641,.53584075,.1604988
1221,42.09999996423721,10.8150002323091,19.95500051230192,.699999988079071,15.50000011920929,.49388361,.25688836,.73087889,.20071259
1222,110.4500007629395,27.01350060664117,37.92350096255541,11.14999997615814,26.50000029802322,.41625395,.24457674,.58793122,.22091444
1223,40.20000040531158,7.660000257194042,12.98500057682395,0,9.400000095367432,.35205224,.19054727,.51355726,.11691542
1224,155.5000011324883,47.31150116398931,44.93600142560899,19.20000010728836,17.25000011920929,.44874278,.30425403,.5932315,.17893891
1225,28.20000028610229,8.407500278204679,10.97000038996339,1.550000011920929,5.750000059604645,.49264187,.29813829,.68714541,.15691489
1231,95.60000014305115,31.29000068828464,33.127500962466,9.550000071525574,20.40000009536743,.50056225,.32730126,.67382324,.20658995
1232,58.30000054836273,16.10100037977099,15.75650033727288,3.800000071525574,4.550000071525574,.4113079,.27617496,.54644084,.1042024
1233,30.45000028610229,7.070500236004591,7.209500256925821,1.600000023841858,2.300000011920929,.35058293,.23220034,.46896553,.090311989
1241,164.1000008583069,43.4985011741519,59.88400159403682,6.649999976158142,30.65000015497208,.44753504,.26507312,.62999696,.13391225
1242,36.34999972581863,8.25750021263957,15.5075002387166,1.550000011920929,15.29999989271164,.44047457,.22716644,.65378267,.25309491
1243,35.74999976158142,9.487500220537186,13.52250023931265,1.5,5.199999988079071,.45451051,.26538461,.64363641,.11468531
1251,164.4000007510185,43.59000117518008,55.11000146344304,8.500000059604645,25.65000015497208,.43275547,.26514599,.60036498,.12971412
1252,31.80000013113022,6.910000264644623,12.24500020593405,1.650000035762787,9.850000023841858,.40982705,.2172956,.60235852,.206761
1253,38.60000026226044,9.445000227540731,12.22750023752451,0,5.199999988079071,.40307644,.24468912,.56146371,.06735751
1254,96.20000034570694,25.22250053659081,33.7475008815527,10.30000007152557,16.30000007152557,.43759096,.26218817,.61299378,.19178794
1255,194.550001502037,50.01000141911209,61.36750171892345,15.05000013113022,26.05000019073486,.41477129,.25705475,.57248783,.14430737
1256,58.40000057220459,12.99250039830804,20.68750028871,2.100000023841858,11.1000000834465,.39959332,.22247432,.57671231,.13099316
1257,32.9000004529953,8.780000314116478,10.04500041157007,4.050000071525574,4.150000035762787,.41952887,.26686931,.57218844,.18617021
1258,96.20000106096268,32.82500100880861,31.60500085353851,12.65000009536743,6.750000059604645,.50548339,.34121624,.66975051,.16658004
1259,153.3500009775162,42.45750130526721,50.47000138089061,10.05000007152557,18.25000011920929,.44142485,.27686664,.60598308,.12504075
2111,95.35000056028366,26.33500064350665,30.36750070750713,11.80000013113022,12.25000005960464,.43543524,.27619299,.59467751,.1879916
2112,266.500000834465,84.2550015039742,89.15000227093697,39.6000000834465,35.15000009536743,.48341465,.31615385,.65067542,.21454033
2113,147.8000002503395,45.46350125409663,49.66400087345392,23.05000013113022,27.74999994039536,.47561231,.30760148,.64362317,.24983086
2114,90.50000035762787,30.44750061631203,34.12500106357038,18.25000005960464,23.00000011920929,.52497238,.33643648,.71350831,.32872927
2115,242.0500004291534,87.92250181734562,78.56500147655606,48.49999994039536,37.05000025033951,.52553195,.36324108,.68782276,.2769056
2119,30.65000021457672,9.330000303685665,8.480000276118517,7,.8500000238418579,.44274062,.30440459,.58107668,.24225122
2121,257.4500016570091,68.11250189505517,93.20250241085887,27.90000021457672,65.20000016689301,.44557682,.26456594,.62658769,.23499709
2122,134.1500019431114,42.70200137421489,51.30550181120634,17.35000014305115,31.95000046491623,.50953972,.31831533,.70076406,.24841595
2123,99.35000038146973,27.32500067725778,31.32000083848834,10.1499999165535,14.55000007152557,.43266231,.27503777,.59028685,.17539003
2124,79.55000030994415,21.53250053524971,26.18250093236566,8.899999856948853,9.150000154972076,.43524513,.27067882,.59981143,.16939032
2125,100.5000003576279,29.48000069335103,41.25000095553696,11.09999996423721,33.05000019073486,.49855721,.29333335,.70378113,.27487561
2126,101.7500003576279,33.57000057585537,33.55250082723796,7.600000023841858,5.800000071525574,.49480346,.32992628,.6596806,.1031941
2127,45.95000046491623,13.97750044614077,16.95500065386295,1.600000023841858,7.250000059604645,.48868337,.30418935,.67317736,.11371055
2129,500.7000039815903,140.3225038945675,179.4000053014606,59.20000022649765,108.6000008583069,.45940185,.28025267,.63855106,.22668265
2131,39.70000034570694,14.92500045150518,13.77500056475401,7.100000083446503,5.950000047683716,.54943329,.37594458,.72292191,.25377834
2132,260.4000014066696,88.05750234797597,93.58650276158005,33.35000020265579,45.30000048875809,.51786005,.33816245,.69755763,.21505377
2133,187.700000166893,67.41250158473849,65.20250155776739,25.70000010728836,25.05000001192093,.53283834,.35915026,.7065264,.20364945
2134,131.9000011086464,42.38250136747956,50.46500152349472,16.35000014305115,33.50000041723251,.51262319,.32132298,.70392346,.25094768
2135,171.4500005841255,57.47100144252181,61.72400132752955,23.85000032186508,24.8500000834465,.51521146,.33520561,.69521725,.21157771
2136,45.70000022649765,16.94750017672777,20.78750048577785,11.70000010728836,23.15000015497208,.59827679,.37084246,.82571119,.50929976
2137,43.25000035762787,12.5450004376471,18.28250041231513,3.649999976158142,13.40000003576279,.50141621,.29005781,.71277457,.23930636
2139,114.000000834465,41.09250073507428,38.43000096827745,13.19999992847443,16.10000014305115,.52901316,.36046052,.69756579,.18640351
2141,111.7000006437302,33.66200072690845,45.44700104929507,12.30000007152557,35.55000007152557,.50479412,.30136079,.7082274,.26924798
2142,37.1000000834465,9.102500196546316,17.5800002515316,5.25,15.95000010728836,.48227763,.24535041,.71920484,.35646901
2151,111.9500002861023,45.03750094026327,42.32250094413757,24.1000000834465,11.80000007152557,.59132427,.40230015,.78034836,.26797676
2152,229.6500015854836,79.43500220775604,77.02750227972865,44.00000047683716,27.65000027418137,.51360226,.34589595,.68130851,.25179622
2161,49.75000011920929,18.25500035658479,18.60250044614077,8.150000095367432,6.850000023841858,.55389446,.36693469,.74085426,.23266332
2162,29.30000007152557,10.70500019751489,9.500000277534127,5.399999976158142,1.350000023841858,.5274744,.36535838,.68959045,.20733789
2211,51.15000027418137,10.70500032790005,22.10750051029027,2.600000023841858,19.1000000834465,.42539102,.20928642,.64149559,.23753665
2212,379.5000027418137,81.13600217178464,159.5595038533211,23.05000013113022,131.4500013589859,.42402044,.21379711,.63424373,.23392622
2221,39.00000041723251,8.63000026717782,9.860000357031822,1.5,2.500000059604645,.34769231,.22128205,.47410259,.070512824
2222,38.8500000834465,9.147500202059746,11.5500001758337,0,5.250000059604645,.38410553,.23545688,.53275418,.067567565
2223,43.50000005960464,9.100000165402889,15.79000025242567,2.149999976158142,14.1499999165535,.39068967,.20919541,.57218391,.21206896
2224,84.50000005960464,20.3075004145503,26.43750059977174,6.899999916553497,16.55000007152557,.39676037,.24032545,.5531953,.1795858
2225,46.95000004768372,15.87750041484833,12.50500020757318,6.949999988079071,3.199999988079071,.47135252,.33817893,.6045261,.18210863
2226,221.9500008225441,70.66000155732036,66.63000191748142,33.75000005960464,19.25000017881393,.46846136,.31836,.61856276,.1954269
2229,316.950001001358,75.1025017015636,92.35250193625689,21.80000001192093,35.60000002384186,.38264316,.23695378,.52833253,.12494084
2231,43.10000026226044,9.107500288635492,12.90000032261014,3.100000083446503,7.149999916553497,.3609629,.21131091,.51061487,.15487239
2232,29.3500000834465,4.287500131875277,7.712500240653753,0,4.350000023841858,.2774702,.14608178,.40885863,.07410562
2233,71.65000039339066,14.05250032991171,26.30750056356192,2.149999976158142,21.40000015497208,.37971041,.19612701,.56329381,.17934403
2234,41.40000033378601,11.97000038251281,12.96000059321523,4.449999988079071,9.150000154972076,.44565219,.28913045,.60217392,.21799517
2235,38.30000019073486,5.390000116080046,12.67750045657158,.800000011920929,8.900000095367432,.30623367,.14073107,.47173631,.13707572
2236,72.30000030994415,17.66250044479966,23.90000072494149,11.99999988079071,14.60000014305115,.40957814,.24429461,.57486171,.26694328
2237,35.05000001192093,8.832500208169222,13.50500034540892,2.049999952316284,6.500000059604645,.4446505,.25199714,.63730389,.15121256
2240,36.70000016689301,6.67750021442771,10.29500023648143,2.200000047683716,4.750000059604645,.32220709,.18194823,.46246594,.1246594
2251,41.94999986886978,6.705000199377537,12.45000034570694,2.149999976158142,4.999999940395355,.30822408,.15983313,.45661503,.11084624
2252,35.00000005960464,6.955000102519989,10.85000017657876,0,3.649999976158142,.35371429,.19871429,.50871432,.052142859
2253,86.60000038146973,13.38750037923455,22.31000041216612,1.450000047683716,12.79999995231628,.28340068,.15459007,.41221133,.090646654
2254,94.40000057220459,12.00200022757053,29.69800018891692,5.199999988079071,26.80000013113022,.28443855,.12713984,.44173729,.1970339
2255,46.20000028610229,5.95200015231967,10.88000024482608,2.100000023841858,4.850000083446503,.24658009,.12883118,.36432901,.097943723
2256,26.15000015497208,5.637500189244747,8.010000135749578,.6000000238418579,2.350000023841858,.36873806,.21558318,.52189291,.067877628
2259,330.0000017285347,80.52250188030303,98.95250216219574,35.10000014305115,55.70000016689301,.39393562,.24400759,.54386365,.19075757
2311,42.20000022649765,12.58250040886924,10.3575002849102,7.950000107288361,.8500000238418579,.4208827,.2981635,.54360193,.19845971
2312,37.10000014305115,10.79500014334917,8.182500228285789,7.650000035762787,3.199999988079071,.40124664,.29097036,.51152295,.24932614
2313,788.0000045895576,213.1405043946579,186.2000027210452,123.850000500679,78.20000004768372,.38863009,.27048287,.50677729,.20678934
2314,43.65000027418137,9.322500269860029,8.487500071525574,4.150000095367432,2.799999952316284,.31079611,.21357389,.40801832,.12714776
2315,43.5000005364418,11.39750038459897,9.500000283122063,5.400000095367432,3.599999964237213,.37120691,.2620115,.48040232,.16551724
2316,134.5500004887581,29.98650054074824,26.23600042238832,3.200000047683716,3.150000035762787,.32036045,.2228651,.41785583,.035488665
2317,41.90000051259995,10.97250041365623,13.70000049099326,3.650000035762787,9.00000011920929,.425358,.26187351,.58884251,.19451074
2319,144.2500011920929,46.53700119815767,37.0205011293292,25.75000023841858,6.999999940395355,.45093414,.32261354,.57925481,.20277296
2321,177.100000679493,50.37600119877607,62.65550156310201,9.549999952316284,27.70000010728836,.46134248,.28444946,.63823545,.13212875
2322,43.8000003695488,14.35500038415194,15.59250049293041,6.800000011920929,7.250000059604645,.50573629,.32773975,.68373287,.2380137
2323,66.3000003695488,25.23000071570277,20.07500050961971,16.35000002384186,2.899999976158142,.5319382,.38054299,.68333334,.26847661
2324,24.50000011920929,8.40500021353364,7.360000237822533,4.600000023841858,1.900000035762787,.49326533,.34306124,.64346939,.22653061
2329,57.70000016689301,15.43000036850572,23.55500040948391,3.300000011920929,13.20000004768372,.47153381,.26741767,.67564994,.17157713
2411,61.10000002384186,14.68450007215142,18.37800019606948,.75,6.300000071525574,.39072832,.24033552,.54112113,.063829787
2412,97.30000066757202,23.8770004324615,33.34100081771612,0,23.59999996423721,.41672662,.24539569,.58805758,.12127441
2419,112.3500009775162,27.01500066928566,45.48750096559525,1.950000047683716,31.55000019073486,.44289052,.24045394,.64532709,.15776591
2421,172.5000011920929,48.81250122003257,68.55500163510442,11,52.90000063180923,.48168117,.28297102,.68039131,.21710145
2422,114.7000007629395,29.77500095590949,48.96500105038285,5.700000047683716,36.20000016689301,.47303838,.25959024,.68648648,.20749782
2423,43.05000007152557,13.49250028282404,16.85000025108457,3.900000035762787,8.150000035762787,.50911731,.31341463,.70481998,.18524972
2431,127.9500001072884,43.28500095009804,44.2760012075305,14.34999996423721,19.05000007152557,.51131696,.3382962,.68433768,.18659633
2432,56.20000004768372,17.64250040799379,17.28500037640333,6.75,5.100000023841858,.46770462,.31392351,.62148577,.16548042
2433,195.6500016450882,80.23750235512853,66.77750197052956,51.70000058412552,42.25000035762787,.58076286,.41010734,.75141835,.37222081
2434,66.20000034570694,20.44750053808093,22.00750045478344,10.05000007152557,13.00000005960464,.47509441,.30887464,.64131421,.25
2435,10.8500000834465,2.557500053197145,2.885000079870224,.800000011920929,0,.36866361,.23571429,.5016129,.073732719
2439,42.30000025033951,17.90000031888485,13.81000028178096,10.80000007152557,.75,.58640665,.42316785,.74964541,.26418439
2440,120.5000002384186,37.24250073358417,43.62000093609095,12.6499999165535,24.15000015497208,.49006224,.30906639,.67105812,.20518672
2451,91.95000058412552,26.56500092893839,34.17500104755163,9.300000071525574,15.20000004768372,.47474173,.28890702,.6605764,.18379554
2452,127.3000006079674,34.93000087700784,49.42250100336969,8.099999964237213,29.15000021457672,.46850944,.2743912,.66262764,.17812255
2453,41.6000000834465,8.85750025510788,24.10000045597553,.800000011920929,25.90000003576279,.50258416,.21292068,.79224759,.33052886
2454,100.6500003933907,26.43700070679188,35.55800098925829,11.75000005960464,20.20000010728836,.43930453,.26266271,.61594635,.21708892
2455,60.90000051259995,19.87500045076013,22.34000067785382,9.100000023841858,13.80000019073486,.5097701,.32635468,.69318557,.26272577
2461,111.550000846386,25.69250070862472,29.11000075750053,6.400000035762787,11.35000014305115,.36080235,.23032273,.49128196,.10824742
2462,27.65000021457672,4.585000038146973,7.797500215470791,.699999988079071,1.75,.30682641,.16582279,.44783002,.056962024
2463,39.50000005960464,8.532500322908163,7.36250027641654,2.550000011920929,.6000000238418579,.30920887,.21601267,.40240508,.072151899
2464,40.50000005960464,10.96250028163195,12.57500027120113,2.799999952316284,4.450000047683716,.42592594,.27067903,.58117282,.12407407
2469,68.05000030994415,14.83750041946769,16.70250040665269,2.899999976158142,2.349999964237213,.34076047,.21803822,.46348274,.05988244
2471,45.50000035762787,13.8100003823638,14.7455003708601,4.900000095367432,5.150000035762787,.46555495,.30351648,.6275934,.16428572
2472,160.1000006198883,51.27250122278929,51.75000143796206,27.09999984502792,29.95000034570694,.48187071,.32025298,.64348847,.26280451
2481,112.8000003099442,29.87500076368451,43.89250102266669,3.699999928474426,21.35000014305115,.45940825,.26484931,.6539672,.12743795
2482,78.50000047683716,27.01000064238906,33.57500071823597,10.40000009536743,19.45000016689301,.55792993,.34407642,.77178347,.25636944
2483,46.0500003695488,12.16250045970082,16.54500038735569,3.950000107288361,5.100000083446503,.44375679,.2641151,.62339848,.14115092
2491,45.75000035762787,9.812500413507223,17.07000070437789,1.650000035762787,13.65000009536743,.40103826,.21448088,.58759564,.1852459
2492,85.50000041723251,23.30750068277121,24.79000068455935,8.199999988079071,6.250000059604645,.41757312,.27260235,.56254387,.13245614
2493,110.5000005364418,34.18650067970157,42.30600065179169,8.850000023841858,19.55000019073486,.50080997,.30938008,.69223982,.16855204
2494,74.25000017881393,22.59250047057867,24.73250051960349,6.700000047683716,3.5,.47082493,.30427611,.63737375,.11380471
3111,150.8500008583069,35.90250095911324,46.25250124186277,18.10000020265579,23.80000025033951,.39130759,.23800133,.54461384,.19887306
3112,31.65000003576279,7.532500164583325,11.37250019609928,2.050000011920929,8.600000023841858,.41765404,.23799369,.59731436,.20063192
3113,67.95000016689301,13.50750027410686,21.56750046089292,1.700000047683716,11.44999998807907,.35748714,.19878587,.51618838,.10927153
3114,125.6000008583069,32.71500092372298,43.6825014129281,11.89999997615814,27.45000040531158,.43436506,.26046976,.60826039,.20402069
3115,38.15000021457672,8.015000227838755,12.81750036403537,2.199999988079071,4,.37807995,.21009175,.54606819,.11009175
3116,36.55000030994415,7.935000270605087,15.26750047877431,.6000000238418579,12.95000016689301,.42595759,.21709988,.63481534,.19357045
3119,38.3500000834465,10.57000024616718,12.03000031784177,5.149999976158142,3.599999964237213,.43246415,.2756193,.58930904,.18122555
3120,98.80000072717667,23.76750064268708,40.60750075243413,10.50000005960464,29.85000026226044,.44606528,.24056174,.65156883,.25733805
3131,119.300000667572,38.47900088969618,45.63450082065538,11.05000007152557,20.55000001192093,.51379925,.32253981,.70505869,.17875105
3132,29.15000015497208,8.105000179260969,14.40000023134053,4.100000023841858,12.50000005960464,.52504289,.27804461,.7720412,.35506004
3133,75.14999949932098,31.00500061362982,30.54500046372414,15.59999990463257,15.49999982118607,.61580175,.41257486,.81902862,.31071192
3211,35.90000015497208,6.379000174812973,11.24250022508204,1.199999988079071,4.199999988079071,.33426881,.17768803,.49084958,.091922008
3212,29.70000004768372,3.977500073611736,5.690000114962459,.699999988079071,.8500000238418579,.22971381,.13392256,.32550505,.037878789
3213,157.100000500679,16.56400037929416,40.52100093942136,6.150000095367432,35.29999995231628,.23440166,.10543603,.36336729,.15149586
3214,122.9500008225441,27.8200004696846,28.34750055894256,5.349999964237213,3.849999964237213,.34155145,.22627084,.45683205,.059170395
3219,59.25000023841858,18.89500036090612,18.81000032648444,4.600000083446503,4.599999964237213,.47763714,.31890297,.63637131,.1164557
3221,112.8000004291534,27.77950068563223,27.19250075146556,6.700000047683716,8.50000011920929,.3668063,.24627216,.48734045,.097074471
3222,82.1000007390976,18.49100051447749,16.88400046247989,5.600000143051147,5.700000047683716,.32805115,.22522534,.430877,.10292327
3223,26.45000028610229,7.87250017747283,9.895000223070383,2.200000047683716,6.650000095367432,.4846881,.29763705,.67173916,.20888469
3224,160.4000005722046,44.61500116065145,53.90500121377409,14.60000002384186,27.25000005960464,.44618142,.27814838,.61421448,.17596634
3229,159.4500008821487,47.71750093251467,50.66000126302242,8.800000131130219,13.35000014305115,.45812169,.29926309,.61698025,.097052366
3231,32.10000014305115,5.072500068694353,5.630000166594982,1.399999976158142,2.5,.24571651,.15802181,.33341122,.082554519
3232,43.25000017881393,8.047000285238028,9.328000169247389,0,3.100000023841858,.29389596,.18605781,.40173411,.035838149
3240,44.50000023841858,3.480500059202313,9.479500167071819,0,8.100000083446503,.18472472,.078213483,.29123595,.091011234
3311,71.75000047683716,8.627500295639038,17.34500039368868,2.450000047683716,10.75000011920929,.24111499,.12024391,.36198607,.10905924
3312,71.65000033378601,10.5750002451241,18.20250050537288,0,9.750000178813934,.27461618,.14759247,.40163994,.068039082
3313,83.55000019073486,12.38300026487559,19.21700044348836,6.650000035762787,6.149999976158142,.26321366,.14821066,.37821665,.11639737
3314,49.10000056028366,6.7075001206249,7.631500218063593,2.300000071525574,.8500000238418579,.21432281,.13660896,.29203665,.055498984
3319,145.0000011324883,38.2350008636713,51.24250115081668,12.80000013113022,30.05000013113022,.44038793,.26368967,.61708623,.19189656
3411,137.2000010609627,29.41250074468553,50.59000197984278,10.50000005960464,47.45000034570694,.39874274,.21437682,.5831086,.24945335
3412,221.8000006079674,73.15500139817595,64.2500010356307,35.85000026226044,14.05000007152557,.47466186,.32982418,.61949956,.19330478
3413,158.5000007152557,31.90450066700578,32.96900058351457,17.25000005960464,13.75000005960464,.30529338,.20129022,.40929654,.15220821
3414,58.14999997615814,13.85200025886297,12.41850029304624,6.400000035762787,3.25,.34499142,.23821153,.45177129,.13800515
3415,77.94999992847443,20.12250021100044,23.77750034444034,5.75,18.35000002384186,.4106639,.25814626,.56318152,.19146889
3416,125.600000500679,30.71500081382692,47.41750109568238,11.69999998807907,37.10000014305115,.43331012,.24454619,.62207407,.24084395
3417,169.550000667572,26.02700053527951,44.49100077152252,10,27.94999992847443,.28470954,.15350634,.41591272,.14140372
3421,44.85000020265579,10.19250033050776,17.79000072181225,3.149999976158142,14.40000009536743,.4255853,.22725753,.62391305,.23076923
3422,145.9000005722046,33.4535008314997,45.27900148183107,9.700000047683716,32.00000029802322,.38446197,.22929062,.53963333,.17614804
3429,153.4500005245209,35.30950068682432,43.46950131189078,14.45000004768372,31.00000017881393,.37174487,.23010427,.51338547,.19517758
3431,26.95000016689301,2.305000074207783,5.412500187754631,.699999988079071,4.750000059604645,.1859462,.085528761,.28636363,.11410019
3432,344.950001001358,86.69500175118446,80.7050016541034,38.70000010728836,21.25,.36830699,.25132629,.48528773,.14299174
3433,75.05000030994415,17.4650003220886,16.38500028476119,10.25,3.950000047683716,.3418721,.23271152,.45103264,.1628914
3511,122.1000002026558,15.21300037391484,35.05200049653649,0,14.89999997615814,.26813269,.1245946,.41167077,.061015561
3512,60.70000040531158,12.50000041350722,19.59500063583255,6.00000011920929,9,.36733937,.20593081,.52874798,.17298187
3520,91.60000050067902,23.47000052407384,35.78000073879957,4.100000023841858,31.60000002384186,.4515284,.25622272,.64683408,.2172489
3531,115.7500003576279,30.03750067576766,46.20250079780817,4.550000011920929,29.60000002384186,.45908207,.25950325,.65866089,.16717063
3532,39.10000014305115,10.2950002849102,16.36500035226345,1.950000047683716,13.80000007152557,.47257033,.26329923,.68184143,.22634271
3533,69.10000026226044,14.84500033408403,36.0800004452467,3.650000035762787,38.20000004768372,.47590449,.21483357,.73697543,.32923299
3534,99.40000081062317,22.12250060588121,42.42000123485923,1.300000011920929,41.95000052452087,.43594065,.22256036,.64932096,.22409457
3541,115.7500003576279,25.03250041417778,53.77000085823238,0,49.55000013113022,.44853133,.2162635,.68079913,.21403888
3542,36.45000028610229,7.392500277608633,13.85750052332878,0,11.00000017881393,.39290124,.20281208,.58299041,.15089163
3543,22.25000017881393,6.867500197142363,7.225000165402889,.8500000238418579,.8500000238418579,.47101125,.30865169,.63337082,.057303373
3544,45.10000002384186,16.11250023171306,19.1325004696846,1.550000011920929,14.59999996423721,.56937361,.35726166,.78148562,.19623061
3549,176.5499998927116,43.86250122636557,69.37000117078424,8.300000011920929,48.79999995231628,.4449023,.24844238,.64136225,.18521665
3551,30.3500000834465,6.900000166147947,12.05500015988946,.699999988079071,8.800000011920929,.42594728,.22734761,.62454695,.16803955
3552,41.60000026226044,9.481500245630741,12.66600033454597,0,4.849999964237213,.38015625,.22792068,.53239185,.058293268
3553,39.10000020265579,9.51500029489398,17.16500029340386,0,14.95000010728836,.46285167,.24335039,.68235296,.19117647
3554,109.0500006079674,34.19400078058243,34.9585008751601,12.20000010728836,12.54999995231628,.47384915,.3135626,.63413572,.16941769
3555,102.4500004649162,24.14250055328012,37.86000052746385,2.449999988079071,18.65000003576279,.42042461,.23565154,.60519767,.11493412
3556,105.7000003457069,31.57750067673624,34.95500086061656,6.75,10.25000005960464,.46409652,.29874647,.62944657,.11234626
3557,165.850000679493,44.81950124586001,60.91750121675432,13.1000000834465,35.90000003576279,.4538936,.2702412,.637546,.18721737
3560,86.90000015497208,26.57000055536628,37.22750078514218,12.6499999165535,26.70000016689301,.51995111,.30575374,.73414844,.29919448
3571,120.8500007390976,32.63750096783042,44.69000128656626,8.75000011920929,24.25000011920929,.45496485,.2700662,.63986349,.1727348
3572,38.15000039339066,11.56750041246414,14.25250040367246,.5,0,.49000657,.303211,.6768021,.01310616
3573,32.55000019073486,10.07000019028783,10.51250027678907,1.100000023841858,1.850000023841858,.47085255,.30937019,.63233489,.062211983
3574,51.75000011920929,15.40250032395124,17.51750041171908,5.750000059604645,8.499999940395355,.46688408,.29763284,.63613528,.19323671
3581,226.450001180172,48.76800081506371,72.16450136713684,12.35000002384186,31.45000016689301,.37469751,.21535881,.53403622,.1239788
3582,113.6500003933907,32.68600084632635,37.3440007828176,14.45000004768372,10.6000000834465,.45189619,.28760231,.61619008,.17377914
4111,42.05000013113022,9.467500194907188,18.26250034943223,2.300000011920929,13.40000003576279,.44230083,.22514863,.65945303,.21403092
4112,51.80000042915344,12.10000041499734,23.7700005993247,2.149999976158142,20.8500000834465,.4630309,.23359074,.69247103,.24276061
4113,43.10000056028366,12.39700032025576,14.0330003015697,5.600000023841858,4.800000071525574,.45042923,.28763342,.61322504,.18561485
4121,36.50000023841858,8.187500195577741,13.77500015869737,.6000000238418579,7.550000011920929,.4130137,.22431508,.60171235,.11986301
4122,86.15000128746033,15.20700038596988,45.24550075363368,6.900000154972076,49.40000092983246,.43911493,.17651771,.70171213,.3668021
4123,62.50000095367432,8.31500031799078,17.75250052288175,0,7.000000059604645,.27506,.13304,.41708001,.055999998
4124,35.55000007152557,8.850000181235373,15.52500017173588,5.200000107288361,13.29999995231628,.46729958,.24894515,.68565404,.33333334
4129,89.45000052452087,18.24250047653913,38.4125009290874,3.850000023841858,32.85000032186508,.41865569,.20394075,.63337064,.22666293
4131,121.0500005483627,25.89150080643594,45.42850090377033,6.549999952316284,33.25000011920929,.4015345,.21389095,.58917803,.19144981
4132,103.5500004291534,23.05500044301152,46.74050103314221,7.75,41.85000032186508,.44833657,.22264607,.67402703,.27691936
4133,26.70000022649765,5.747500158846378,10.73500024527311,2.150000035762787,9.400000095367432,.41629213,.21526217,.61732209,.25655431
4134,28.30000019073486,7.52000018581748,12.67249996960163,1.199999988079071,10.45000010728836,.48962015,.26572439,.71351588,.2270318
4135,33.00000011920929,5.514000119641423,10.74950009211898,0,6.749999940395355,.32996213,.16709091,.49283335,.10227273
4136,47.10000020265579,14.04000032320619,21.73500039614737,3.950000047683716,16.55000013113022,.52882165,.29808918,.75955415,.25955415
4141,24.05000001192093,7.040000148117542,8.925000183284283,2.849999964237213,3.900000035762787,.47827443,.29272351,.66382539,.1995842
4142,30.40000015497208,7.580000177025795,12.82000018656254,2.799999952316284,8.300000071525574,.46019739,.24934211,.67105263,.22861841
4143,31.20000028610229,7.960000418126583,10.61500033736229,0,3.100000023841858,.4252404,.2551282,.59535259,.049679488
4151,34.80000007152557,6.930000297725201,12.91000033542514,0,5.300000011920929,.38462645,.19913794,.57011497,.076149426
4152,16.95000004768372,2.275000052526593,8.955000137910247,0,10.00000005960464,.3983776,.13421829,.66253686,.29498526
4159,109.6500005125999,27.62750053033233,47.27750102430582,6.300000071525574,40.75000017881393,.46754447,.25196078,.68312812,.24327405
4211,33.25000017881393,3.577500119805336,19.86000044643879,0,21.40000021457672,.40624061,.10759399,.70488721,.32180452
4212,26.35000014305115,7.057500153779984,10.25000017136335,2.650000035762787,5.349999964237213,.46233398,.26783681,.65683115,.20208728
4213,29.95000010728836,5.300000123679638,11.89000015705824,.6499999761581421,9.350000083446503,.3754591,.1769616,.57395661,.17779633
4214,14.65000009536743,4.197500076144934,5.980000153183937,.75,2.550000011920929,.49061435,.28651878,.6947099,.13822526
4215,45.80000048875809,11.09550041519105,20.30950049683452,5.800000071525574,21.90000021457672,.46397927,.24225983,.68569869,.36572051
4216,20.40000015497208,4.37500012293458,7.817500190809369,1,7.100000083446503,.40606618,.21446079,.59767157,.22303921
4217,33.19999998807907,4.643000103533268,12.42700004205108,0,10.09999990463257,.327003,.13984939,.51415664,.15210843
5111,152.8000000119209,16.61400036513805,39.61550091765821,2.450000047683716,29.14999997615814,.23836224,.10873037,.36799413,.11142015
5112,36.45000034570694,8.774000188335776,7.235000196844339,6.600000023841858,3.100000023841858,.33995885,.24071331,.43920439,.22359397
5113,71.80000054836273,11.27600023895502,12.80650038644671,3.599999964237213,4.800000071525574,.24622911,.15704736,.33541086,.083565459
5114,29.65000027418137,4.572500217705965,3.592500146478415,1.550000011920929,.8500000238418579,.21479765,.15421586,.27537945,.066610456
5119,145.0500011444092,26.34000072255731,35.76750131417066,9.550000011920929,20.20000034570694,.30488625,.18159255,.42817995,.13547052
5211,66.6499999165535,5.365000035613775,12.36350027658045,0,6.200000047683716,.17324457,.080495127,.26599401,.046511628
5212,77.15000027418137,4.869000133126974,6.664000214077532,.800000011920929,3.550000011920929,.10629942,.063110821,.14948802,.033376541
5213,102.3500003218651,12.56500049307942,19.45250071212649,7.100000143051147,12.15000015497208,.21779434,.12276503,.31282365,.12872496
5214,41.25000035762787,4.182500161230564,8.077500320971012,0,3.150000035762787,.19930303,.10139395,.29721212,.038181819
5221,43.7500005364418,7.065000168979168,11.86750034987926,0,3.350000023841858,.29711428,.16148572,.43274286,.038285714
5222,71.25000071525574,12.24000026658177,17.32000053301454,4.449999988079071,7.25000011920929,.29333335,.17178948,.41487721,.11333333
5223,308.4000021219254,46.18050120584667,86.92700246721506,9.300000011920929,49.20000046491623,.29067445,.14974222,.43160668,.10992218
5224,100.5500000119209,15.87500029802322,26.01000025123358,4.349999964237213,15.14999985694885,.2872203,.15788165,.41655892,.11859771
5225,35.90000015497208,4.746500119566917,6.754000145941973,.699999988079071,1.5,.22628134,.13221449,.3203482,.04038997
5231,183.3500010371208,28.36900093406439,46.92800159007311,6.949999988079071,29.15000021457672,.28269976,.15472594,.41067359,.11739842
5232,38.40000033378601,4.075500059872866,7.638500203378499,0,6.200000047683716,.20559245,.10613281,.3050521,.080729164
5233,41.80000007152557,1.522500030696392,9.722500015050173,0,8.600000023841858,.15272129,.036423445,.26901913,.10287081
5234,44.75000047683716,6.195000175386667,11.12000031024218,0,7.200000047683716,.26268157,.13843575,.38692737,.080446929
5235,35.80000025033951,3.852500110864639,5.920000225305557,0,.800000011920929,.1902933,.10761173,.27297488,.011173184
5236,32.05000030994415,2.807500101625919,7.300000224262476,0,2.450000047683716,.20148206,.087597504,.31536663,.038221531
5241,128.250001013279,20.92950067669153,33.53800095617771,5.550000071525574,24.30000013113022,.29394543,.16319299,.42469788,.13801169
5242,24.85000014305115,3.787500102072954,5.782500173896551,0,2.549999952316284,.26876259,.15241449,.38511068,.051307846
5243,26.45000016689301,5.030000075697899,6.265000149607658,0,0,.30860114,.19017014,.42703214,0
5244,42.25000005960464,15.9225003644824,16.39000038802624,6.549999952316284,8.25,.57082844,.37686393,.76479292,.25266272
5245,27.50000023841858,6.335000168532133,7.485000193119049,2.050000011920929,.75,.36645454,.23036364,.50254548,.088181816
5246,37.95000016689301,6.355000235140324,11.59750030189753,.800000011920929,5.700000047683716,.32025692,.16745719,.47305667,.096179187
5249,91.80000066757202,11.95750027708709,21.53000047802925,1.199999988079071,6.850000083446503,.24752179,.130256,.36478758,.050381262
5250,21.95000010728836,5.500000193715096,7.185000211000443,0,.8500000238418579,.4142369,.25056949,.57790434,.019362187
5311,22.55000019073486,.8499999940395355,1.517500046640635,0,.800000011920929,.071341462,.037694011,.10498892,.017738359
5312,66.25000005960464,4.650000019930303,7.708500162698328,1.449999988079071,2.150000035762787,.12836604,.070188679,.18654341,.038113207
5313,39.25000011920929,4.622500106692314,6.487000111490488,0,.5,.20040765,.1177707,.28304458,.0063694268
5314,78.45000022649765,4.026000015437603,6.780000101774931,.699999988079071,3.499999940395355,.094531551,.051319312,.13774379,.031230083
5315,34.70000016689301,3.598500063642859,5.186500072479248,0,2.449999988079071,.17843661,.10370317,.25317004,.035302594
5316,99.00000071525574,7.068000163882971,15.80250045657158,0,9.550000071525574,.15120454,.071393937,.23101516,.048232324
5317,94.25000059604645,6.507000183686614,11.90850030491129,4.000000059604645,4.650000035762787,.13221486,.069039792,.19538993,.06710875
5319,160.7000006437302,23.00250056572258,33.40600098483264,6.649999976158142,10.90000009536743,.24707842,.14313939,.35101745,.075295582
5321,66.15000021457672,3.435500044841319,5.317500148899853,0,1.449999988079071,.09212774,.051934998,.13232049,.010959939
5322,67.00000011920929,2.202500034123659,6.112500201910734,.5,3.600000023841858,.078488804,.032873135,.12410448,.03432836
5323,31.25000029802322,2.905000116676092,3.222500130534172,1.449999988079071,2.350000023841858,.14452,.09296,.19608,.083999999
5330,128.1000008583069,22.63400062918663,34.80150117352605,1.449999988079071,20.85000020265579,.31252733,.17669009,.44836456,.092701018
5411,43.60000014305115,6.910000123083591,8.152500227093697,2.75,3.300000071525574,.25197822,.15848625,.34547019,.10091743
5412,77.90000009536743,6.588000102899969,14.11350053036585,2.649999916553497,7.250000059604645,.17515726,.084569961,.26574457,.080551989
5413,157.1500005722046,17.43400037987158,21.01300050225109,5.850000023841858,7.5,.1777951,.11093859,.24465162,.061088134
5419,56.95000034570694,5.375500114634633,15.76400028262287,1.5,13.40000009536743,.23279193,.094389819,.37119403,.14398596
5421,19.60000002384186,2.305000045336783,5.770000085234642,.800000011920929,4.399999976158142,.26479593,.11760204,.41198981,.15306123
5422,89.10000038146973,12.40250036120415,26.16750060394406,1.349999964237213,16.00000005960464,.28604096,.13919753,.4328844,.10493827
5423,44.10000002384186,7.532500119879842,13.36850027460605,4.249999940395355,8.049999952316284,.3223753,.17080499,.47394559,.18764172
5431,47.55000025033951,2.492500066757202,3.378000088501722,.800000011920929,.800000011920929,.087939017,.052418508,.12345952,.025236594
5432,55.75000029802322,6.76650014333427,11.93100021965802,3.999999940395355,8.500000059604645,.22837669,.1213722,.33538118,.14798206
5433,28.15000027418137,1.365000034682453,3.452500101178885,0,1.200000047683716,.1098135,.04849023,.17113677,.021314388
5434,46.25000029802322,10.14750040322542,14.77250046283007,4.950000107288361,9.400000035762787,.37910813,.21940541,.53881085,.20864865
5435,37.15000027418137,2.712500043213367,6.227500267326832,1.5,4.900000035762787,.15683042,.073014803,.24064603,.10632571
5436,41.20000052452087,9.887500390410423,12.6300005838275,3.050000011920929,7.25000011920929,.39326456,.23998787,.54654127,.16201456
5441,138.0999997258186,18.67150034150109,23.3735008854419,5.099999964237213,15.25000005960464,.21982802,.13520275,.30445331,.092143372
5442,115.4000001549721,15.86150034563616,18.46200039563701,4.949999988079071,10.39999997615814,.21743934,.13744801,.29743069,.087954938
5443,28.44999998807907,3.945000097155571,10.13750038295984,0,9.899999976158142,.31682777,.13866432,.49499124,.17398946
5449,113.2500009536743,11.06350027956069,19.82500056456774,4.800000011920929,11.80000013113022,.18521854,.097690947,.27274615,.094481237
6111,23.50000023841858,3.689000096172094,3.870000131428242,1.800000071525574,1.800000071525574,.23931916,.15697873,.32165959,.11489362
6112,30.20000016689301,4.056000104174018,4.524000061675906,.6000000238418579,0,.2092053,.13430464,.28410596,.019867551
6113,43.85000020265579,6.652500163763762,9.265500154346228,0,3,.25736031,.15171038,.36301026,.034207527
6114,27.40000015497208,4.490500193089247,2.84950010292232,0,0,.21588504,.16388686,.26788321,0
6116,47.00000041723251,4.921500166878104,2.587000091560185,.75,0,.13223405,.10471277,.15975532,.015957447
6117,32.80000007152557,3.729500114917755,4.327500084415078,0,0,.17967226,.11370427,.24564025,0
6121,38.99999994039536,5.635000042617321,8.120000220835209,0,4.150000035762787,.24858975,.14448719,.35269231,.053205129
6129,186.0000008940697,23.65250061731786,31.94050083309412,7.199999988079071,10.50000005960464,.21302554,.12716398,.2988871,.066935487
6131,197.2500013709068,30.58500089123845,45.89950126409531,5.900000095367432,23.85000038146973,.27140558,.15505704,.38775411,.090367556
6132,21.80000001192093,1.210000045597553,3.557500064373016,0,.699999988079071,.13709863,.05550459,.21869266,.016055046
6133,24.15000009536743,3.250000156462193,7.16000022739172,4.150000035762787,6.900000154972076,.28281575,.13457558,.4310559,.3146998
6134,61.10000002384186,11.15400020964444,13.08500027470291,0,3.699999988079071,.28963175,.1825532,.39671031,.030278232
6135,96.05000048875809,19.09200048819184,24.19550063833594,7.050000071525574,9.700000047683716,.32472411,.19877148,.45067674,.1238938
6136,71.75000059604645,16.20850033219904,15.22600036486983,5.199999988079071,4.900000095367432,.33200696,.22590244,.43811151,.10662021
6137,7.800000071525574,.6750000081956387,.8999999947845936,0,0,.14423077,.086538464,.20192307,0
6138,102.0000005364418,12.00100025720894,20.57500038854778,2.400000035762787,9.750000059604645,.21851471,.11765686,.31937256,.071323529
6211,87.50000029802322,14.27700034342706,18.50250032171607,6.25,7.750000059604645,.26889428,.16316572,.37462285,.11571429
6212,22.70000004768372,5.570000153034925,9.070000249892473,1.399999976158142,4.899999976158142,.44515419,.24537446,.64493394,.16960353
6213,73.70000052452087,8.887500319629908,15.20500043779612,0,5.750000059604645,.22374491,.12059023,.32689959,.039009497
6214,73.90000069141388,8.985000301152468,21.24000068753958,0,15.30000013113022,.26529095,.12158322,.40899867,.10351827
6219,92.25000035762787,22.26500047370791,24.9350002463907,5.100000023841858,5.400000035762787,.37650406,.24135502,.51165313,.084552847
6221,58.95000004768372,5.142500068992376,7.350000210106373,0,3.849999964237213,.14957592,.087234944,.21191688,.032654792
6222,51.75000023841858,6.645000144839287,9.422500196844339,.800000011920929,4.5,.21944445,.12840579,.3104831,.058937199
6231,27.65000009536743,1.416000040248036,2.292500032112002,0,0,.092667274,.051211573,.13412297,0
6232,22.35000014305115,3.525000059977174,5.095000138506293,0,1.699999988079071,.27170023,.15771812,.38568234,.038031321
6240,25.10000026226044,6.555000156164169,9.990000240504742,.699999988079071,5.200000107288361,.46015936,.2611554,.65916336,.13147411
6250,17.80000019073486,4.555000130087137,5.845000125467777,1.800000011920929,2,.42008427,.25589889,.58426964,.15730336
6311,36.70000004768372,4.765000153332949,6.707000136841089,0,0,.22121254,.12983651,.31258857,0
6312,57.05000030994415,6.325000163167715,16.65500038489699,1.5,11.80000007152557,.25683612,.11086766,.40280455,.12971078
7111,34.35000014305115,5.475000139325857,11.31150022521615,.699999988079071,8.900000095367432,.32403931,.15938865,.48868996,.14992721
7112,26.50000017881393,2.255000073462725,6.395000170916319,0,5.350000083446503,.20575473,.08509434,.32641509,.10094339
7113,10.5,2.567500047385693,6.350000001490116,1.950000047683716,7.099999964237213,.54690474,.24452381,.84928572,.52380955
7114,57.05000007152557,6.020000167191029,16.52500039339066,.5,13.90000009536743,.25035056,.10552148,.39517969,.13058721
7115,44.45000022649765,6.645000208169222,13.78500036150217,.699999988079071,9.000000059604645,.30455568,.14949381,.45961756,.11698537
7121,5.200000047683716,1.480000022798777,2.255000043660402,0,2.100000023841858,.50144231,.2846154,.71826923,.20192307
7122,79.15000039339066,13.78750037774444,28.40800064429641,1.300000011920929,18.20000004768372,.35365131,.17419457,.53310806,.13139609
7123,16.15000009536743,2.145000081509352,3.730000093579292,.699999988079071,.800000011920929,.24829721,.13281734,.3637771,.068111457
7124,16.80000007152557,1.772500041872263,2.642500065267086,.6499999761581421,3.549999952316284,.18415178,.10550595,.26279762,.14434524
7125,68.20000034570694,11.54000037908554,18.16250074654818,2.100000023841858,11.8500000834465,.30236438,.16920821,.43552053,.11766862
7129,63.70000046491623,13.9140003696084,19.6635007224977,4.850000083446503,12.25000011920929,.37277472,.21843015,.52711934,.17229199
7131,141.6500003933907,33.75650076940656,46.43350106291473,5.499999940395355,20.79999989271164,.40221146,.23830922,.56611365,.1122485
7132,46.30000013113022,10.3230002084747,11.60850024037063,3.699999988079071,1.550000011920929,.34832075,.22295897,.47368252,.096652269
7211,27.50000017881393,3.632500108331442,19.38500046730042,0,24.50000017881393,.48454547,.13209091,.83700001,.44545454
7212,20.69999998807907,3.022500067949295,8.142500157468021,0,7.600000083446503,.34269324,.1460145,.53937197,.18357489
7213,81.90000063180923,14.08500046655536,33.83750057592988,3.850000023841858,29.3500000834465,.37855616,.17197803,.58513433,.22619048
7214,48.50000023841858,9.335000280290842,17.52550030965358,2.25,12.89999997615814,.37314948,.19247423,.55382472,.17938145
7219,8.100000023841858,2.380000069737434,2.9750000461936,0,0,.47746915,.29382718,.66111112,0
7220,31.1000000834465,9.417500231415033,12.08250027149916,3.400000035762787,6.900000035762787,.49706593,.3028135,.69131833,.22025724
8111,48.10000020265579,4.355000130832195,15.83250034973025,1.800000011920929,10.44999998807907,.25511956,.090540543,.41969857,.1460499
8112,38.65000009536743,3.417500097304583,13.39250007644296,0,10.90000003576279,.2616753,.088421732,.43492886,.14100906
8113,37.95000016689301,4.855000089854002,9.530000355094671,3.500000059604645,8.650000095367432,.25349143,.12793149,.37905139,.20619236
8114,14.90000003576279,1.000000033527613,4.249999962747097,0,3.799999952316284,.20973155,.067114092,.35234898,.12751678
8115,39.05000007152557,2.642500050365925,9.11499996483326,0,6.400000035762787,.184379,.067669652,.30108836,.081946224
8119,84.25000029802322,4.877500146627426,13.62750033847988,.550000011920929,4.100000023841858,.13876855,.057893176,.21964392,.030860534
8120,35.50000017881393,2.085000086575747,5.693500140681863,0,5.199999988079071,.13892254,.058732398,.21911268,.073239438
8131,33.55000025033951,2.030000075697899,12.10500033199787,1.900000035762787,11.95000016689301,.2409091,.060506709,.4213115,.2347243
8132,50.65000039339066,5.015000155195594,9.350500272586942,2.399999976158142,3.300000011920929,.19131787,.099012837,.28362292,.07996051
8133,80.20000016689301,10.89900023117661,16.10550043266267,4.800000011920929,3,.23630612,.13589776,.33671448,.078553617
8134,83.85000038146973,12.56500038132071,32.33000080287457,.699999988079071,24.30000025033951,.34263566,.14985093,.53542042,.15324984
8135,26.1000000834465,4.230000101029873,10.53750034049153,.800000011920929,12.15000009536743,.36393678,.16206896,.5658046,.26340997
8139,77.85000038146973,8.229000179097056,15.30250038858503,2.25,7.150000035762787,.20398523,.10570328,.30226719,.07482338
8141,11.50000011920929,1.210000025108457,4.100000144913793,.5,3.300000011920929,.28347826,.10521739,.46173915,.18695652
8142,27.50000023841858,2.805000087246299,5.636000134982169,1.700000047683716,3.399999976158142,.20447274,.10200001,.30694547,.12363636
8143,18.40000015497208,1.565000044181943,9.605000210925937,0,9.200000107288361,.3460598,.085054353,.6070652,.25
8144,10.10000014305115,.235000004991889,4.770000088959932,0,3.400000035762787,.25940594,.023267327,.49554455,.16831683
8145,45.95000016689301,3.300000097602606,6.397500086575747,0,1.75,.1414309,.071817197,.21104461,.019042438
8146,29.10000020265579,1.190000031143427,9.300000241026282,0,6.300000011920929,.20068729,.040893473,.36048111,.10824742
8149,27.45000028610229,2.207500046119094,8.242500195279717,0,3.400000095367432,.23055556,.080418944,.38069218,.061930783
8151,26.90000003576279,1.180000020191073,2.653000086545944,0,1.400000035762787,.093178444,.043866172,.14249071,.026022306
8152,29.30000007152557,1.254000044427812,2.849000085145235,0,0,.091416381,.042798635,.14003414,0
8153,30.20000022649765,1.460000045597553,5.210000153630972,0,4.800000011920929,.13460265,.048344374,.22086093,.079470195
8159,169.6500007510185,12.82550035975873,22.55750053981319,.5,6.400000035762787,.14208223,.075599767,.2085647,.021809608
8160,32.55000025033951,5.080000206828117,13.80250030755997,0,9,.36808756,.15606759,.58010751,.13824885
8211,40.95000016689301,3.590000115334988,9.117500003427267,0,7.699999988079071,.19899267,.08766789,.31031746,.094017096
8212,38.90000021457672,1.990000057965517,5.247500170022249,0,0,.11860541,.051156815,.18605399,0
8213,23.25000011920929,2.805000111460686,2.500000078231096,3.050000011920929,0,.17440861,.12064517,.22817205,.13118279
8214,10.3500000834465,.4250000193715096,2.165000081062317,0,2.300000011920929,.14565217,.041062802,.25024155,.11111111
8215,43.35000044107437,11.35000027343631,9.197500257752836,7.100000023841858,1.200000047683716,.36790657,.26182237,.47399077,.17762399
8219,9.000000059604645,.9690000088885427,.9290000274777412,0,0,.15927778,.10766666,.21088889,0
8221,27.50000029802322,.9380000252276659,4.079000109806657,0,1.600000023841858,.10827273,.034109093,.18243636,.029090909
8222,13.94999998807907,.8515000399202108,1.902500024996698,.699999988079071,0,.1292294,.061039429,.19741936,.05017921
8229,35.45000016689301,2.83250005915761,12.64750021137297,.6000000238418579,9.650000035762787,.25828633,.079901271,.43667138,.15303244
8231,35.45000010728836,4.590000094845891,10.3825002387166,0,5.400000035762787,.27591679,.12947814,.42235544,.076163612
8232,32.75000023841858,4.207500148564577,8.220000214874744,0,5.850000083446503,.25396946,.12847328,.37946567,.089312978
8233,30.65000009536743,2.407500050961971,5.395000105723739,.6499999761581421,1.449999988079071,.16655791,.078548126,.25456771,.044861335
8234,57.95000004768372,8.572000149637461,18.69050007965416,3.75,14.09999996423721,.30918464,.14792062,.47044867,.18636756
8239,21.35000002384186,1.887499999254942,6.685000155121088,0,4.950000047683716,.24496487,.088407494,.40152225,.11592506
9111,41.45000010728836,2.35500006750226,12.73750026524067,0,9.350000023841858,.21046442,.056815442,.36411339,.11278649
9112,49.14999997615814,4.562500014901161,10.97000033408403,2.25,9.150000035762787,.20442523,.09282808,.3160224,.13886063
9119,88.30000025033951,6.09600018709898,11.80500027304515,1.600000023841858,4.550000011920929,.13588336,.069037378,.20272933,.043884486
9121,22.85000014305115,1.050000043585896,2.125000096391886,0,1.600000023841858,.092450768,.045951862,.13894968,.035010941
9129,90.05000066757202,4.66950011625886,9.913500140421093,0,.699999988079071,.10689895,.051854525,.16194336,.0038867295
9131,20.60000014305115,.7550000185146928,.9740000227466226,0,0,.060291264,.036650486,.083932042,0
9132,25.60000026226044,.8980000130832195,4.291000134311616,0,2.700000047683716,.11888672,.035078127,.20269531,.052734375
9139,6.200000047683716,.2850000057369471,1.520000046119094,0,1.600000023841858,.16854839,.045967743,.29112905,.12903225
9211,49.90000027418137,2.950000073760748,11.93000020831823,1.199999988079071,6.950000047683716,.17865732,.059118237,.29819641,.093687378
9219,25.35000014305115,3.275000058114529,6.745000123977661,.6499999761581421,4.650000095367432,.26222879,.12919132,.39526626,.117357
9221,4.349999964237213,.3150000050663948,.5450000055134296,0,0,.13505748,.072413795,.19770116,0
9222,4.449999988079071,.0299999993294477,.1700000008568168,0,0,.025842696,.0067415731,.044943821,0
9223,47.80000019073486,2.826000072993338,2.463500045239925,0,0,.084890172,.059121341,.110659,0
9224,55.95000028610229,1.608500053174794,7.126500176265836,0,3,.092435211,.028748883,.15612154,.026809651
9225,36.65000027418137,2.761500062420964,6.602500165812671,0,4.200000047683716,.16542292,.075347885,.25549796,.057298772
9226,16.80000007152557,.6500000208616257,1.440000036731362,.800000011920929,1.449999988079071,.081547618,.038690478,.12440477,.090773806
9229,36.40000009536743,1.931000037118793,5.91050003701821,0,4.600000023841858,.13423763,.053049453,.21542582,.063186817
9231,42.8000003695488,3.445000080391765,8.582000190392137,.6000000238418579,4.300000071525574,.18074767,.080490656,.28100467,.064252339
9232,17.70000004768372,2.480000089854002,.570000022649765,1.950000047683716,0,.1562147,.140113,.17231639,.11016949
9233,6.199999928474426,0,.3479999899864197,0,0,.028064515,0,.056129031,0
9241,17.05000001192093,.7350000366568565,6.14500018581748,0,7.350000023841858,.22331379,.043108508,.40351906,.21554253
9249,22.70000010728836,1.864000033587217,4.284000050276518,0,1.75,.17647578,.08211454,.27083701,.038546257
9251,2.900000035762787,.6300000138580799,1.255000002682209,0,.5,.43362069,.21724138,.64999998,.086206898
9252,15.90000015497208,.1600000038743019,2.769000116735697,0,3.100000023841858,.097138368,.010062893,.18421385,.097484276
9253,11.80000013113022,.3350000102072954,1.660000003874302,0,1,.098728813,.02838983,.1690678,.042372882
9259,16.10000014305115,.455000014975667,2.730000108480453,0,1.199999988079071,.11304348,.02826087,.19782609,.037267081
9261,22.60000026226044,5.215000163763762,6.030000153928995,2.900000035762787,3.500000059604645,.36415929,.23075221,.49756637,.20575221
9262,14.35000002384186,.067500002682209,.941500011831522,0,0,.037508711,.0047038328,.070313588,0
9263,37.10000026226044,.6615000106394291,3.567500062286854,0,0,.065909706,.017830189,.11398922,0
9264,38.15000027418137,2.897500094026327,4.247500078752637,0,0,.13161862,.075950198,.18728703,0
9265,37.30000030994415,2.155000053346157,9.385000340640545,.6000000238418579,2.400000035762787,.18357909,.057774801,.30938339,.048257373
9266,41.5500003695488,1.6200000513345,2.422500090673566,0,0,.068140797,.038989171,.097292423,0
9267,40.90000027418137,3.510000085458159,5.100000195205212,.6000000238418579,2.800000011920929,.14816627,.085819073,.21051346,.048899755
9269,39.95000016689301,4.26250009611249,5.205000102519989,.6000000238418579,0,.1718398,.10669587,.23698373,.015018774
