soc10m,sc2010mg,N,w_human_E1,w_human_E2,emmr_human
1115  'Chief executives and Snr officials',111,62.80000030994415,16.84093936532736,25.21343211829662,.46891171
1116  'Elected officers and representatives',111,49.3500000834465,13.26248979568481,24.89204566180706,.52094251
1121  'Production mngrs and directors in manufacturing',112,41.35000038146973,7.896818855777383,22.92957316339016,.46823713
1122  'Production mngrs and directors in construction',112,33.55000030994415,7.529219083487988,16.55545243620872,.4711459
1123  'Production mngrs and directors in mining and energy',112,56.95000028610229,11.59423588216305,23.53648093342781,.41022786
1131  'Financial mngrs and directors',113,67.9691044986248,21.88701743260026,60.73724452778697,.76881462
1132  'Marketing and sales directors',113,50.26400535553694,16.77899213880301,53.60159775614738,.86701787
1133  'Purchasing mngrs and directors',113,47.65891906619072,8.626145176589489,28.25466576218605,.47742328
1134  'Advertising and public relations directors',113,.9229332879185677,0,1.159420251846313,.66370797
1135  'Human resource mngrs and directors',113,113.8000004887581,31.01843401044607,52.018460765481,.50112182
1136  'IT and telecommunications directors',113,68.2500005364418,17.35021283477545,39.68718998879194,.54496419
1139  'Functional mngrs and directors n.e.c.',113,75.46833151578903,29.50041084736586,77.48577873781323,.90426409
1150  'Financial institution mngrs and directors',115,.2734158337116241,.2708791196346283,.5791208744049072,2.0497699
1161  'mngrs and directors in transport and distribution',116,30.87683400511742,5.955661654472351,23.70674325525761,.5767765
1162  'mngrs and directors in storage and warehousing',116,48.69791836291552,12.21767825633287,33.29239062964916,.5927127
1171  'Officers in armed forces',117,57.1500004529953,4.555137101560831,19.24479666352272,.24807586
1172  'Snr police officers',117,74.00000059604645,10.74697825312614,30.83653257787228,.35358438
"1173  'Snr offcrs in fire, amblnc, prison and related srvcs'",117,108.4500001072884,25.74664756283164,37.8841518163681,.41206753
1181  'Health servcs and public health mngrs and directors',118,65.55000001192093,16.3269478790462,35.02386867627501,.51623011
1184  'Social servcs mngrs and directors',118,21.40000015497208,5.216339059174061,9.478659428656101,.46521816
1190  'mngrs and directors in retail and wholesale',119,35.30000001192093,10.23071545362473,16.95567098259926,.52998728
1211  'mngrs and Prprtrs in agriculture and horticulture',121,32.54999971389771,4.5774215310812,8.578157402575016,.27239633
"1213  'mngrs and Prprtrs in forestry, fishing and related s'",121,103.7499999403954,12.40429624915123,33.3001200966537,.28004199
1221  'Hotel and accommodation mngrs and prprtrs',122,50.90000015497208,12.17850864678621,16.64670850336552,.40278709
1223  'Restrnt and catering establishment mngrs and prprtrs',122,100.5500007271767,13.12272795662284,36.95453077927232,.31427145
1224  'Publicans and mngrs of licensed premises',122,29.10000032186508,4.109777312725782,7.425365813076496,.26881307
1225  'Leisure and sports mngrs',122,134.9580010101199,45.65590547770262,66.51005512103438,.58470732
1226  'Travel agency mngrs and prprtrs',122,19.00000023841858,3.814798213541508,10.42526000738144,.47512779
1241  'Health care practice mngrs',124,80.75000011920929,9.735302180051804,42.06979142874479,.38105509
"1242  'Residential, day and domic care mngrs and prprtrs'",124,43.35000050067902,13.71145546808839,15.89191136136651,.49959424
"1251  'Property, housing and estate mngrs'",125,137.8500007390976,31.43002890050411,57.75836181640625,.43749881
1252  'Garage mngrs and Prprtrs',125,29.25000011920929,2.664377893321216,9.636292519047856,.25581279
1253  'Hairdressing and beauty salon mngrs and Prprtrs',125,30.40000021457672,6.488213781267405,11.59878776594996,.4041976
1254  'Shopkeepers and Prprtrs ? wholesale and retail',125,134.7000004649162,28.63014183752239,60.22917777299881,.43611529
1255  'Waste disposal and environmental services mngrs',125,87.65000021457672,19.32941002398729,33.89530339464545,.41388547
1259  'mngrs and Prprtrs in other services n.e.c.',125,406.6328424811363,94.33411740511656,190.3547067418694,.46605057
2111  'Chemical scientists',211,76.95000040531158,13.57304414734244,26.90840215608478,.35123125
2112  'Biological scientists and biochemists',211,233.6444724202156,50.02158163115382,92.3941971771419,.41181663
2113  'Physical scientists',211,80.35000038146973,21.16960496455431,37.97879973053932,.49980092
2114  'Social and humanities scientists',211,204.9500006437302,54.12700451165438,107.3051827587187,.52588236
2119  'Natural and social science professionals n.e.c.',211,53.25000023841858,16.92948050051928,17.43114233016968,.48159721
2121  'Civil engineers',212,210.4000015258789,30.76858960092068,107.1202142387629,.40080178
2122  'Mechanical engineers',212,71.76022753119469,23.01589043810964,52.606405492872,.68727612
2123  'Electrical engineers',212,.651978075504303,.1070370376110077,.6107407808303833,.75664079
2124  'Electronics engineers',212,.5685255527496338,.2246192842721939,.3045685291290283,.75664079
2126  'Design and development engineers',212,169.1417889669538,110.1602206965908,265.3811694309115,1.4357824
2127  'Production and process engineers',212,77.55000030994415,12.41180897317827,34.55100559256971,.38281512
2129  'Engineering professionals n.e.c.',212,30.6213151216507,7.852050591260195,18.8331503123045,.56394136
2133  'IT specialist mngrs',213,216.650001168251,57.37948338314891,121.2162088342011,.54460001
2134  'IT project and programme mngrs',213,32.05000030994415,2.635345265269279,23.81355382502079,.45373237
"2135  'IT business analysts, archtcts and systms designers'",213,142.6999998688698,36.87212254665792,87.67587157711387,.56559259
2136  'Programmers and software development professionals',213,92.70000064373016,22.34322620928288,63.29476730525494,.58242297
2137  'Web design and development professionals',213,92.14013049006462,38.93812385201454,84.5638115555048,.88148379
2139  'IT and telecommunications professionals',213,298.2500017881393,74.41502981632948,188.4465056397021,.56542593
2141  'Conservation professionals',214,85.85000026226044,27.06228260695934,43.15235247462988,.56655163
2142  'Environment professionals',214,203.7000015377998,59.96849250793457,100.9610556177795,.54221416
2150  'Research and development mngrs',215,43.55000007152557,11.50898116827011,21.14361146092415,.50702149
2211  'Medical practitioners',221,396.2500028014183,60.8517705053091,136.4016291499138,.32568476
2212  'Psychologists',221,235.3000007867813,59.33417407050729,96.28855170682073,.456772
2213  'Pharmacists',221,33.19999986886978,7.336914949119091,8.077267058193684,.342637
2214  'Ophthalmic opticians',221,34.20000004768372,3.148619312793016,8.606333889067173,.21788849
2215  'Dental practitioners',221,81.60000032186508,6.777756504714489,14.36502388119698,.17108172
2216  'Veterinarians',221,33.90000015497208,3.390953160822392,7.24003766104579,.20681334
2217  'Medical radiographers',221,88.75000065565109,8.848446194082499,29.76546125113964,.26739353
2218  'Podiatrists',221,20.75000011920929,4.043288640677929,4.030491948127747,.29197758
2219  'Health professionals n.e.c.',221,284.7500015497208,50.06022363528609,92.00307003594935,.33735472
2221  'Physiotherapists',222,34.25000035762787,5.754496991634369,11.55902745202184,.33675945
2222  'Occupational therapists',222,32.15000003576279,5.468765497207642,11.84748982265592,.35435492
2223  'Speech and language therapists',222,35.14999997615814,5.872388780117035,16.21016135439277,.39765206
2229  'Therapy professionals n.e.c.',222,76.2126339673996,17.47522401809692,30.81586827337742,.43146598
2231  'Nurses',223,263.0000012516975,35.72019726783037,83.26612685248256,.29411885
2232  'Midwives',223,37.80000019073486,4.705014396458864,10.66843600571156,.26558816
2311  'Higher education teaching professionals',231,40.00000017881393,12.42325246706605,14.98993760719895,.49795553
2312  'Further education teaching professionals',231,33.95000010728836,7.224329927936196,15.38764302060008,.43941537
2314  'Secondary education teaching professionals',231,764.0500046610832,139.8484468832612,281.1295013912022,.36700895
2315  'Primary and nursery education teaching professionals',231,78.15000069141388,13.26452380791306,25.88915112987161,.33536914
2316  'Special needs education teaching professionals',231,126.1500004529953,18.72250713035464,43.52496122941375,.32092738
2317  'Snr professionals of educational establishments',231,208.219319999218,61.39490435272455,82.04450523108244,.49187154
2318  'Education advisers and school inspectors',231,40.47794660925865,17.67466778308153,23.34194723144174,.72497851
2319  'Teaching and other educational professionals n.e.c.',231,211.7019796073437,55.76780000515282,97.08756851777434,.49272844
2412  'Barristers and judges',241,53.5,7.49921952933073,27.80086612701416,.39999351
2413  'Solicitors',241,.7020902633666992,.8999999761581421,0,.83085942
2419  'Legal professionals n.e.c.',241,19.87504885345697,11.80121584236622,54.89364603161812,1.9747392
2421  'Chartered and certified accountants',242,136.400001168251,30.93646043911576,85.30349833518267,.53950298
2423  'Management consultants and business analysts',242,92.25000017881393,23.07408295944333,57.51369050145149,.56185287
2424  'Business and financial project mngmnt professionals',242,140.357256308198,51.5865817181766,119.3116053342819,.79256594
"2425  'Actuaries, economists and statisticians'",242,151.4000014662743,50.1299828402698,87.95710713230073,.62158877
2426  'Business and related research professionals',242,53.80000025033951,14.7553999684751,28.57672024518251,.53984684
"2429  'Business, research and admin professionals n.e.c.'",242,31.33000022172928,12.54636162519455,16.28844187781215,.66040802
2431  'Architects',243,73.60000032186508,13.71132200956345,37.82589086890221,.44326451
2432  'Town planning officers',243,.6842767596244812,0,.800000011920929,.44187295
2433  'Quantity surveyors',243,28.90000003576279,5.793044783174992,14.84056295454502,.45720851
2434  'Chartered surveyors',243,79.30000030994415,10.98785602860153,39.4593953974545,.38735881
2436  'Construction project mngrs and related professionals',243,51.10000044107437,14.08617889881134,24.34649976715446,.51388311
2442  'Social workers',244,90.90000075101852,24.55083545856178,32.61477410793304,.44948539
2443  'Probation officers',244,24.35000014305115,5.989669322967529,7.265376523137093,.39516869
2444  'Clergy',244,33.15000009536743,6.217612408101559,5.416937209665775,.26926339
2449  'Welfare professionals n.e.c.',244,73.40000021457672,17.34847413748503,30.5918252505362,.4447464
2451  'Librarians',245,30.95000016689301,10.76509184390306,15.25612935423851,.59428614
2452  'Archivists and curators',245,127.7000004053116,25.24007461220026,55.69623748213053,.41572586
2461  'Quality control and planning engineers',246,101.1500002741814,20.76514452882111,49.56835799664259,.45031461
2462  'Quality assurance and regulatory professionals',246,60.15000039339066,20.47721751593053,26.84943245910108,.56362319
2463  'Environmental health professionals',246,41.25000035762787,9.755524344742298,17.67084584385157,.45068961
"2471  'Journalists, newspaper and periodical editors'",247,100.9500005841255,35.63582717254758,39.89680481702089,.5506115
2472  'Public relations professionals',247,75.30000019073486,25.4635535813868,36.19989924877882,.57853258
2473  'Advertising accounts mngrs and creative directors',247,61.15000009536743,10.04045446962118,41.71152109652758,.5052529
3111  'Laboratory technicians',311,153.6225670725107,42.91105831414461,98.35474067926407,.599446
3112  'Electrical and electronics technicians',311,26.39999997615814,.8345633950084448,9.402010414749384,.20968063
3113  'Engineering technicians',311,53.3500000834465,7.05861858278513,12.45730688422918,.24905851
3114  'Building and civil engineering technicians',311,93.50000077486038,17.17948691546917,47.50606913119555,.43778098
3115  'Quality assurance technicians',311,30.70000016689301,2.111806800588965,13.42861772701144,.28749561
"3116  'Planning, process and production technicians'",311,30.10000032186508,6.445830944925547,14.83343280479312,.46054974
"3119  'Science, engineering and prodctn technicians n.e.c.'",311,25.83109045028687,5.893635725602508,11.99914079159498,.46042216
3121  'Architectural and town planning technicians',312,14.01451946049929,22.15849671699107,56.5863935276866,3.5999589
3122  'Draughtspersons',312,62.23590007424355,8.339414684101939,55.65255500376225,.5811066
3131  'IT operations technicians',313,87.93405705690384,24.47208578139544,51.30251634120941,.5700106
3132  'IT user support technicians',313,15.45000016689301,3.799484916031361,8.553300350904465,.52272719
3213  'Paramedics',321,37.10000020265579,2.782731279730797,10.38436659425497,.21495727
3216  'Dispensing opticians',321,31.45000016689301,4.872286476194859,5.39270193874836,.2406562
3217  'Pharmaceutical technicians',321,27,4.760362312197685,7.995716191828251,.32437852
3218  'Medical and dental technicians',321,145.1500003933907,8.5591373257339,29.24845935497433,.15972006
3219  'Health associate professionals n.e.c.',321,164.6434709951282,71.85033961571753,118.3389178477228,.79577887
3231  'Youth and community workers',323,73.45000022649765,15.54220553860068,27.17236594855785,.39657438
3233  'Child and early years officers',323,63.40000057220459,13.91451792605221,22.79233886301517,.3992222
3234  'Housing officers',323,16.10000020265579,5.234579458832741,7.803158968687057,.56746328
3235  'Counsellors',323,128.8500003814697,32.18043212220073,46.04756703972816,.42843783
3239  'Welfare and housing associate professionals n.e.c.',323,130.7500007152557,35.22071987017989,52.17408047430217,.46889299
3311  'NCOs and other ranks',331,55.05000030994415,3.575188964605331,9.522568188607693,.15143457
3312  'Police officers (sergeant and below)',331,46.65000009536743,4.935715604573488,18.21966833621264,.30108359
3313  'Fire service officers (watch manager and below)',331,81.35000020265579,16.72426542267203,11.40222778171301,.27566537
3314  'Prison service officers (below principal officer)',331,45.30000054836273,5.565070953220129,13.64485374838114,.2734547
3315  'Police community support officers',331,29.30000007152557,4.078483738005161,7.697257112711668,.27054989
3319  'Protective service associate professionals n.e.c.',331,89.26473891735077,15.34611600637436,52.36418781057,.46522525
3411  'Artists',341,111.8500008583069,7.269328691065311,61.25952514261007,.33883855
"3412  'Authors, writers and translators'",341,182.650000333786,93.67669218406081,60.74660100787878,.67916775
"3413  'Actors, entertainers and presenters'",341,139.8500005602837,28.99419559165835,41.36666658520699,.35522008
3414  'Dancers and choreographers',341,51.74999994039536,5.971049677580595,7.275376856327057,.1856761
3415  'Musicians',341,71.44999986886978,11.68067207932472,17.22509010881186,.28401983
"3416  'Arts officers, producers and directors'",341,109.5500003695488,17.86065887659788,57.4299196228385,.42515397
"3417  'Phtgrphrs, AV and broadcasting equipment oprtrs'",341,136.350000500679,4.427214741706848,51.16222894750535,.22008309
3421  'Graphic designers',342,22.1000000834465,.5973323509097099,20.16944345831871,.48335087
"3422  'Product, clothing and related designers'",342,168.0086513161659,16.80568984337151,85.65119433403015,.35492986
3441  'Sports players',344,18.80000013113022,1.096095278859138,1.474439010024071,.097516745
"3442  'Sports coaches, instructors and officials'",344,297.2500007748604,54.3540628105402,76.98967967927456,.31235963
3443  'Fitness instructors',344,58.35000032186508,12.31336416304111,12.86664389073849,.32127997
3511  'Air traffic controllers',351,24.79858320206404,3.548989206552505,48.70320130512118,1.1250881
3512  'Aircraft pilots and flight engineers',351,.7235833406448364,0,.1526785641908646,.53167433
3513  'Ship and hovercraft officers',351,53.90000033378601,4.62928381562233,19.2410278879106,.26437473
3520  'Legal associate professionals',352,99.47378250956535,33.17183093726635,74.56117775291204,.70825112
"3531  'Estimators, valuers and assessors'",353,98.80000019073486,16.16572508960962,59.17665373161435,.46309769
3532  'Brokers',353,107.6000003218651,25.68022212013602,54.06942307949066,.48991573
3533  'Insurance underwriters',353,32.25000011920929,8.270809534937143,18.37057948112488,.54127437
3534  'Finance and investment analysts and advisers',353,105.0000007152557,30.28651639074087,60.65913259238005,.57729602
3535  'Taxation experts',353,37.24999994039536,12.33348976075649,21.16543485224247,.61520022
3536  'Importers and exporters',353,33.50000029802322,10.75845757126808,16.18454213440418,.56270832
3537  'Financial and accounting technicians',353,61.45000022649765,12.91220732405782,33.28678250312805,.48096988
3538  'Financial accounts mngrs',353,90.55000072717667,19.85084501281381,58.83108313381672,.54407936
3539  'Business and related associate professionals n.e.c.',353,205.0000000596046,53.00529822520912,109.4236592724919,.5254494
3541  'Buyers and procurement officers',354,23.60000002384186,3.161465976387262,13.40485150367022,.41796151
3542  'Business sales executives',354,35.75983749330044,12.26144402101636,16.48162312805653,.57333189
3543  'Marketing associate professionals',354,.5375279784202576,.2860759496688843,.3139240741729736,.4506925
3544  'Estate agents and auctioneers',354,95.25000041723251,20.06140038371086,45.63083170354366,.45015031
3545  'Sales accounts and business development mngrs',354,144.4500004053116,30.82098893821239,89.51455901563168,.52321404
3546  'Conference and exhibition mngrs and organisers',354,142.350000679493,21.27806724980474,57.28003616258502,.35067147
3550  'Conservation and environmental associate prfssnls',355,31.4538467079401,7.297531634569168,21.57201853021979,.57492304
3561  'Public services associate professionals',356,74.20000010728836,23.51545008271933,35.37341873720288,.55528516
3562  'Human resources and industrial relations officers',356,89.5000005364418,24.10536561906338,38.22693720459938,.48289201
3563  'Vocational and industrial trainers and instructors',356,53.50000023841858,16.85736512392759,18.49647664278746,.48795521
3564  'Careers advisers and vocational guidance specialists',356,25.60000026226044,4.559180974960327,11.86102982982993,.40975374
3565  'Inspectors of standards and regulations',356,197.6500011086464,33.15457735955715,67.17810763418674,.33768597
3567  'Health and safety officers',356,72.47293531894684,24.54720600694418,28.78637564182281,.53730947
4112  'National government administrative occupations',411,40.55000013113022,13.38981535285711,22.16114489734173,.6034621
4113  'Local government administrative occupations',411,45.60000038146973,13.36971985548735,24.10685688257217,.55752516
4114  'Officers of non-governmental organisations',411,36.10000044107437,11.08184472098947,15.96602074429393,.52811235
4121  'Credit controllers',412,33.10000020265579,6.423477133736014,19.98208874464035,.49590698
"4122  'Book-keepers, payroll mngrs and wages clerks'",412,62.50000107288361,15.65526903793216,32.91200140863657,.5137803
4123  'Bank and post office clerks',412,59.00000089406967,15.12156002223492,15.74056713655591,.38969225
4124  'Finance officers',412,31.35000002384186,5.832966797053814,16.42574168741703,.44803309
4129  'Financial administrative occupations n.e.c.',412,87.2500005364418,23.27307319268584,42.6829481869936,.51134151
4131  'Records clerks and assistants',413,100.2500004172325,25.17833035252988,51.91122549772263,.51006424
4132  'Pensions and insurance clerks and assistants',413,83.40000021457672,21.19615773484111,43.23053177446127,.51332641
4133  'Stock control clerks and assistants',413,24.25000023841858,3.498415343463421,10.07831056416035,.35206476
4134  'Transport and distribution clerks and assistants',413,21.30000013113022,4.83215693384409,10.06221179664135,.46306399
4135  'Library clerks and assistants',413,30.40000009536743,7.871729057282209,14.46519610658288,.49685287
4138  'Human resources administrative occupations',413,35.50000011920929,9.713558062911034,17.44156794250011,.51927722
4151  'Sales administrators',415,38.42200595140457,33.35246328264475,60.47528699040413,1.655044
4159  'Other administrative occupations n.e.c.',415,93.90000039339066,28.48915413022041,48.9734865501523,.56417358
4161  'Office mngrs',416,18.84999996423721,5.655743073672056,9.856596700847149,.56148762
4162  'Office supervisors',416,29.00000017881393,5.540265422314405,12.50903010368347,.40671656
4211  'Medical secretaries',421,30.90000015497208,6.899313203990459,13.77338821440935,.44614911
4212  'Legal secretaries',421,17.6000000834465,5.491079762578011,10.03740404546261,.59714669
4213  'School secretaries',421,28.05000007152557,7.899856667965651,11.7095863558352,.49036184
4214  'Company secretaries',421,11.17000015079975,6.903740078210831,8.380610972642899,.99320012
4215  'Personal assistants and other secretaries',421,40.9000004529953,13.35064703598619,18.62639855593443,.55412829
4216  'Receptionists',421,19.55000013113022,8.75984837859869,4.861420631408691,.57240707
4217  'Typists and related keyboard occupations',421,48.30000001192093,8.100449554622173,35.26319333910942,.5327546
5111  'Farmers',511,128.1000000834465,5.547616665251553,17.58167676441371,.11193173
5112  'Horticultural trades',511,26.35000020265579,1.958825834095478,4.34372977912426,.15676245
5113  'Gardeners and landscape gardeners',511,68.65000051259995,1.957419611513615,14.53723099827766,.13439235
5114  'Groundsmen and greenkeepers',511,26.75000029802322,.2849206402897835,2.247270815074444,.0526563
5119  'Agricultural and fishing trades n.e.c.',511,.6178179383277893,.2336653470993042,.2065737098455429,.1175428
5211  'Smiths and forge workers',521,.2235576957464218,0,0,.072345428
"5212  'Moulders, core makers and die casters'",521,.168749988079071,0,.8999999165534973,.072345428
5213  'Sheet metal workers',521,59.94999986886978,1.313898255117238,4.870375843718648,.06253688
"5214  'Metal plate workers, and riveters'",521,29.52788424491882,1.162817355245352,6.416242544539273,.14802749
5215  'Welding trades',521,90.45000028610229,1.726022262126207,6.955068508163095,.057529647
5216  'Pipe fitters',521,36.55000030994415,.3235035985708237,3.184964725747705,.052420955
5221  'Metal machining setters and setter-operators',522,38.30000048875809,1.024176578037441,12.68128774687648,.19229296
"5222  'Tool makers, tool fitters and markers-out'",522,66.15000075101852,1.786887121386826,14.65151330642402,.13775727
5223  'Metal working production and maintenance fitters',522,252.2000017762184,19.06552957370877,50.80025430209935,.17631109
5224  'Precision instrument makers and repairers',522,87.99999994039536,7.544921380467713,18.62800829857588,.1915787
5225  'Air-conditioning and refrigeration engineers',522,30.70000016689301,1.250155596062541,5.174147460609674,.12499119
"5231  'Vehicle technicians, mechanics and electricians'",523,161.750001013279,9.70918245613575,20.9443051526323,.12476869
5232  'Vehicle body builders and repairers  ',523,35.20000034570694,.490494042634964,1.058445654809475,.028969228
5234  'Vehicle paint technicians',523,38.40000003576279,.9150051595643163,1.217876333743334,.039686024
5235  'Aircraft maintenance and related trades',523,43.20000046491623,1.335356932133436,8.954313471913338,.13454893
5236  'Boat and ship builders and repairers',523,28.70000016689301,.1401214394718409,5.124474544078112,.094158843
5237  'Rail and rolling stock builders and repairers',523,27.55000030994415,1.579937040805817,1.928088463842869,.092340514
5241  'Electricians and electrical fitters',524,124.5011698454618,9.236755440942943,31.77197999693453,.20178722
5242  'Telecommunications engineers',524,23.25000011920929,2.150720454752445,4.053645126521587,.17967927
"5244  'TV, video and audio engineers'",524,22.50000011920929,1.252446599304676,6.297254826873541,.19560328
5245  'IT engineers',524,31.75000005960464,8.104270685464144,14.6204651594162,.48549616
5249  'Electrical and electronic trades n.e.c.',524,100.2918137907982,6.396720692515373,20.90103510394692,.16798219
"5250  'Sklld metal, electrical and electrnc trades sprvsrs'",525,21.95000010728836,1.437959277071059,7.370489989407361,.23340338
5311  'Steel erectors',531,22.55000019073486,.1667323857545853,.9797935597598553,.02911881
5312  'Bricklayers and masons',531,82.80000019073486,1.037090122699738,5.171926252543926,.043756682
"5313  'Roofers, roof tilers and slaters'",531,70.83992210030556,2.10350875556469,1.876632265746593,.042939417
5314  'Plumbers and heating and ventilating engineers',531,32.35000020265579,1.889477901160717,3.126338889822364,.10672789
5315  'Carpenters and joiners',531,78.15000051259995,2.587677262723446,7.163513474166393,.078943491
"5316  'Glaziers, window fabricators and fitters'",531,85.80000048875809,1.708741776645184,5.149650797247887,.049925026
5319  'Construction and building trades n.e.c.',531,133.0500006079674,9.968021526932716,24.90716924518347,.16852015
5321  'Plasterers',532,52.15000009536743,.6012071222066879,2.401644710451365,.034554735
5322  'Floorers and wall tilers',532,48.65164220333099,1.056741558015347,2.435948211699724,.046755169
5323  'Painters and decorators',532,29.05000025033951,.9560668170452118,1.019687086343765,.050461631
5330  'Construction and building trades supervisors',533,116.2000008225441,15.63502599671483,26.78883202560246,.24982308
5411  'Weavers and knitters',541,.2177419364452362,0,.5,.114507
5412  'Upholsterers',541,37.85000014305115,.6037026066333055,7.076035991311073,.10942458
5413  'Footwear and leather working trades',541,66.25000011920929,1.532361568883061,5.517726223915815,.064773202
5414  'Tailors and dressmakers',541,146.6500005125999,4.044147668406367,27.12063288129866,.12004407
"5419  'Textiles, garments and related trades n.e.c.'",541,26.24999991059303,2.188069246709347,6.535788994282484,.20784624
5421  'Pre-press technicians',542,15.40000003576279,.7339805029332638,7.399912555702031,.28791797
5422  'Printers',542,82.60000044107437,4.195642784237862,27.72714389488101,.21863456
5423  'Print finishing and binding workers',542,37.20000016689301,1.311569962650537,6.475013062357903,.12228701
5431  'Butchers',543,39.25000023841858,1.468545343726873,3.583770766854286,.083068296
5432  'Bakers and flour confectioners',543,47.10000032186508,5.09692675806582,6.634889464825392,.17864907
5433  'Fishmongers and poultry dressers',543,22.35000026226044,.881896585226059,.9671477973461151,.061094876
5434  'Chefs',543,36.70000022649765,6.017834715545177,7.356095943599939,.264193
5435  'Cooks',543,35.55000025033951,1.164337920024991,3.673960069194436,.084425256
5436  'Catering and bar mngrs',543,32.50000041723251,3.53241934068501,14.95328404009342,.33874035
"5441  'Glass and ceramics makers, decorators and finishers'",544,112.6499997973442,4.837818837724626,23.57211693376303,.14757104
5442  'Furniture makers and other craft woodworkers',544,109.3500001430511,2.539793411269784,19.77010028064251,.11362454
5443  'Florists',544,23.6000000834465,2.911664314568043,6.878549434244633,.26910758
5449  'Other skilled trades n.e.c.',544,100.6622650027275,1.748354700393975,16.74672939814627,.10055128
6121  'Nursery nurses and assistants',612,57.1500004529953,11.07087389752269,13.67438986897469,.31335202
6122  'Childminders and related occupations',612,71.70000052452087,16.87059584632516,12.27501986175776,.32089409
6123  'Playworkers',612,24.40000009536743,3.390874594449997,5.226344048976898,.24606748
6125  'Teaching assistants',612,52.95000022649765,5.949735501781106,12.35758657380939,.22905625
6126  'Educational support assistants',612,42.05000019073486,5.130235463380814,13.5171138048172,.28272989
6131  'Veterinary nurses',613,41.45000022649765,1.822978742420673,5.423604235053062,.10940364
6132  'Pest control officers',613,35.24999994039536,1.296876423060894,7.397045165300369,.14171344
6139  'Animal care services occupations n.e.c.',613,161.7000006437302,10.72860527411103,14.30066093802452,.11056856
6141  'Nursing auxiliaries and assistants',614,184.150001347065,16.8847386399284,53.88382791355252,.23799431
6142  'Ambulance staff (excluding paramedics)',614,18.59999996423721,.5566315278410912,3.600000023841858,.12670062
6143  'Dental nurses',614,20.20000010728836,.8463839441537857,5.889355301856995,.18767631
6144  'Houseparents and residential wardens',614,52.94999998807907,7.814214415848255,10.17815500497818,.24368823
6145  'Care workers and home carers',614,74.90000039339066,8.972798887640238,17.74252842739224,.2382385
6146  'Snr care workers',614,48.35000032186508,6.48525445908308,16.51096573099494,.30487564
6147  'Care escorts',614,7.800000071525574,.2558398135006428,1.71741135045886,.14289045
"6148  'Undertakers, mortuary and crematorium assistants'",614,83.8000003695488,8.392019633203745,18.15280126035213,.2084537
6211  'Sports and leisure assistants',621,73.80000019073486,11.18938114866614,21.15620847605169,.29495236
6212  'Travel agents',621,16.20000010728836,3.880276769399643,7.352287404239178,.46644571
6214  'Air travel assistants',621,62.10000038146973,6.872395597398281,16.20309216529131,.24112627
6215  'Rail travel assistants',621,62.85000056028366,8.649154871702194,20.54481941089034,.3010591
6219  'Leisure and travel service occupations n.e.c.',621,70.35000014305115,20.52305587008595,16.36486992612481,.40803826
6221  'Hairdressers and barbers',622,46.89999979734421,1.192031688988209,5.168688341975212,.080519743
6222  'Beauticians and related occupations',622,64.98771587386727,14.79646511748433,66.17963843420148,.73685133
6231  'Housekeepers and related occupations',623,24.65000009536743,1.789559558033943,2.216822683811188,.11756475
6232  'Caretakers',623,20.15000009536743,.3781534433364868,2.554111801087856,.082144387
6240  'Cleaning and housekeeping mngrs and supervisors',624,22.70000022649765,2.70776110701263,9.596550181508064,.33066237
7111  'Sales and retail assistants',711,32.95000010728836,7.242316488176584,8.231360517442226,.344704
7112  'Retail cashiers and check-out operators',711,22.95000016689301,5.072025749832392,4.886602494865656,.32746524
7113  'Telephone salespersons',711,10.5,4.182450257241726,4.128091607242823,.59490436
7114  'Pharmacy and other dispensing assistants',711,50.15000009536743,8.770536080002785,10.35894450545311,.27816567
7115  'Vehicle and parts salespersons and advisers',711,34.52611011266708,11.33387579023838,8.989214725792408,.45844966
7121  'Collector salespersons and credit agents',712,5.200000047683716,1.431772537529469,2.135307036340237,.48065886
"7122  'Debt, rent and other cash collectors'",712,76.85000038146973,12.04870203323662,32.52336825057864,.36838499
7123  'Roundspersons and van salespersons',712,14.70000010728836,2.298271287232637,4.097432836890221,.29571345
7124  'Market and street traders and assistants',712,15.15000003576279,3.645393084734678,4.250492487102747,.38090029
7125  'Merchandisers and window dressers',712,83.30000048875809,10.17633759602904,38.42838439717889,.35282749
7129  'Sales related occupations n.e.c.',712,56.35000038146973,20.8897015415132,18.16718782484531,.53191298
7130  'Sales supervisors',713,39.25,9.618960920721292,14.60509661212564,.43112126
7211  'Call and contact centre occupations',721,19.55000007152557,8.537140984088182,6.770160473883152,.60983229
7213  'Telephonists',721,19.25,8.965698517858982,5.801322810351849,.61643428
7214  'Communication operators',721,64.1500004529953,10.27777241170406,32.35840751975775,.41242364
7215  'Market research interviewers',721,42.00000023841858,8.540570206940174,18.59002512320876,.42465672
7219  'Customer service occupations n.e.c.',721,8.100000023841858,3.505837306380272,2.645756542682648,.5961377
7220  'Customer service mngrs and supervisors',722,52.40000033378601,14.40859769284725,21.1821588948369,.47709307
"8111  'Food, drink and tobacco process operatives'",811,41.1750001758337,2.984245342202485,4.100618002936244,.12227211
8112  'Glass and ceramics process operatives',811,.2138229012489319,0,0,.14241396
8113  'Textile process operatives',811,.4976958930492401,0,0,.14241396
8114  'Chemical and related process operatives',811,35.19351367652416,3.977255653589964,6.281417850404978,.20225216
8115  'Rubber process operatives',811,.2060475200414658,0,0,.14241396
8116  'Plastics process operatives',811,14.40000003576279,.1223939321935177,1.092543693259358,.046435125
8117  'Metal making and treating process operatives',811,18.63905635476112,.3491198997944593,3.294006491079926,.10709357
8118  'Electroplaters',811,.152830183506012,0,0,.14241396
8119  'Process operatives n.e.c.',811,21.28531409800053,1.218402601778507,5.458437567576766,.18546221
8121  'Paper and wood machine operatives',812,30.56540562957525,.7149545922875404,2.957050908356905,.071763486
8122  'Coal mine operatives',812,.0717948749661446,0,0,.12625286
8123  'Quarry workers and related operatives',812,38.83820551633835,.3525507673621178,5.858743321150541,.084502421
8124  'Energy plant operatives',812,76.35000014305115,2.732067920267582,17.46453403867781,.15015501
8125  'Metal working machine operatives',812,35.50000017881393,.3999768188223243,3.710311995819211,.063524865
8126  'Water and sewerage plant operatives',812,60.05000019073486,3.296827752143145,18.93652928061783,.21257439
8127  'Printing machine assistants',812,21.6000000834465,1.561618722975254,5.491830471903086,.19942287
8129  'Plant and machine operatives n.e.c.',812,75.15000039339066,3.387067404575646,6.069473747164011,.085453153
8131  'Assemblers (electrical and electronic products)',813,10.70000010728836,.3175526186823845,1.411631031893194,.095641881
8132  'Assemblers (vehicles and metal goods)',813,31.46648666262627,4.781483005732298,11.41045108065009,.33326596
8133  'Routine inspectors and testers',813,17.80000013113022,1.363091650418937,4.444762904196978,.20143107
"8134  'Weighers, graders and sorters'",813,10.10000014305115,.446800890378654,2.831992770545185,.18443537
"8135  'Tyre, exhaust and windscreen fitters'",813,35.1000000834465,.0294565781950951,1.682486921548843,.024806269
8137  'Sewing machinists',813,26.60000020265579,.5528962761163712,1.048586116172373,.040495839
8139  'Assemblers and routine operatives n.e.c.',813,18.65000027418137,.299975099042058,1.992797823622823,.069510669
"8141  'Scaffolders, stagers and riggers'",814,21.90000009536743,.0917293280363083,1.389883980154991,.035921063
8142  'Road construction operatives',814,23.59999996423721,.0215419493615627,1.382647648453712,.030206177
8143  'Rail construction and maintenance operatives',814,23.60000020265579,.1540025435388088,1.64934429526329,.041469265
8149  'Construction operatives n.e.c.',814,150.1000006198883,3.938768463209271,14.09335943311453,.07318753
8211  'Large goods vehicle drivers',821,36.80000025033951,2.569881021976471,10.44059007242322,.21168956
8212  'Van drivers',821,5.943975925445557,.2908174097537994,.5287170503288507,.093401447
8213  'Bus and coach drivers',821,29.95000022649765,.8986475132405758,7.60690426453948,.15699832
8214  'Taxi and cab drivers and chauffeurs',821,20.8500000834465,1.329588267952204,7.228044550865889,.23710363
8215  'Driving instructors',821,38.1500004529953,8.743374187499285,11.41775523126125,.37882704
8221  'Crane drivers',822,23.60000026226044,.4551151525229216,2.282546295784414,.067643568
8222  'Fork-lift truck drivers',822,13.34999996423721,.3110913801938295,1.657390508800745,.085377276
8223  'Agricultural machinery drivers',822,5.208333559334278,.1257130345329642,2.158917671069503,.23139299
8229  'Mobile machine drivers and operatives n.e.c.',822,.5833333134651184,0,0,.092213221
8231  'Train and tram drivers',823,27.3500000834465,.8779967427253723,5.825401611626148,.13859954
8232  'Marine and waterways transport operatives',823,29.40000021457672,.3888326287269592,6.923196662217379,.13096704
8233  'Air transport operatives',823,25.25000005960464,1.221851393580437,5.51140084117651,.15752681
8234  'Rail transport operatives',823,54.05000001192093,3.416059873998165,21.08788835257292,.25827944
8239  'Other drivers and transport operatives n.e.c.',823,19.05000007152557,.636079341173172,3.401349119842052,.12266424
9111  'Farm workers',911,32.6000000834465,.6814121380448341,2.692197993397713,.062193591
9112  'Forestry workers',911,44.64999997615814,4.483232829719782,10.02829527668655,.2127073
9119  'Fishing and other elementary agriculture occs n.e.c.',911,78.45000034570694,.7631345987319946,6.735862775240093,.052658584
9120  'Elementary construction occupations',912,105.850000679493,2.107684683054686,4.834022316150367,.042746298
9132  'Industrial cleaning process occupations',913,19.95000016689301,.2464568838477135,1.06060867710039,.038935401
"9134  'Packers, bottlers, canners and fillers'",913,23.70000022649765,.3313289955258369,2.126741067506373,.058848079
9139  'Elementary process plant occupations n.e.c.',913,11.3949309065938,.8447193242609501,4.580421884544194,.27511621
"9211  'Postal workers, mail sorters, mssngrs and couriers'",921,47.73497542738914,4.967683307826519,14.84338990785182,.25954509
9219  'Elementary administration occupations n.e.c.',921,23.35000014305115,1.367656983435154,5.174115237779915,.16936679
9231  'Window cleaners',923,3.849999964237213,0,.3394209444522858,.079483204
9232  'Street cleaners',923,2.399999976158142,0,0,.079483204
9233  'Cleaners and domestics',923,42.25000011920929,2.877514626830816,3.842506170272827,.1135803
"9234  'Launderers, dry cleaners and pressers'",923,52.55000030994415,.036802576854825,4.138945192098618,.040081356
9235  'Refuse and salvage occupations',923,34.10000026226044,3.947828397154808,3.003384387120605,.15980999
9236  'Vehicle valeters and cleaners',923,16.80000007152557,.0759999975562096,.5205600988119841,.02001667
9239  'Elementary cleaning occupations n.e.c.',923,34.8500000834465,1.112992271780968,1.747831651009619,.057013143
9241  'Security guards and related occupations',924,37.64971134066582,5.571018885821104,10.37700881808996,.28577971
9242  'Parking and civil enforcement occupations',924,44.75000029802322,5.133021462708712,12.30635521188378,.25220555
9244  'School midday and crossing patrol occupations',924,16.80000007152557,1.037830770015717,5.404958628118038,.2226375
9251  'Shelf fillers',925,16.40000003576279,.9200144857168198,3.063207268714905,.14948891
9259  'Elementary sales occupations n.e.c.',925,21.8500000834465,2.284248732030392,6.632502093911171,.25631577
9260  'Elementary storage occupations',926,43.60000038146973,1.961691288277507,6.977460330352187,.12500967
9271  'Hospital porters',927,14.35000002384186,.3393658325076103,.6696354858577251,.046981435
9272  'Kitchen and catering assistants',927,72.66816329956055,5.026531577110291,7.867158021777868,.12330174
9273  'Waiters and waitresses',927,33.90000027418137,6.562783684581518,4.954488188028336,.26666749
9274  'Bar staff',927,39.05981813371181,5.497587319463491,7.204918175935745,.23297718
9275  'Leisure and theme park attendants',927,40.10000026226044,7.854891587048769,5.986175701022148,.27052319
9279  'Other elementary services occupations n.e.c.',927,34.75000011920929,4.616351410746574,7.912239437922835,.24668981
