soc20m,N,w_gpt_E1,w_gpt_E2,w_human_E1,w_human_E2,emmr_gpt,emmr_human
1111,62.80000030994415,7.504079081118107,45.73279298841953,16.84093936532736,25.21343211829662,.48360631,.46891171
1112,49.3500000834465,4.534392099827528,33.79854552447796,13.26248979568481,24.89204566180706,.43431944,.52094251
1121,41.35000038146973,7.335383117198944,27.54412986338139,7.896818855777383,22.92957316339016,.51045823,.46823713
1122,33.55000030994415,3.771629109978676,25.92981965839863,7.529219083487988,16.55545243620872,.49885362,.4711459
1123,56.95000028610229,8.035555619746447,36.69319251179695,11.59423588216305,23.53648093342781,.46325111,.41022786
1131,101.0500006079674,14.96706119552255,78.18823228776455,22.15789655223489,61.31636540219188,.5349943,.52267271
1132,58.1000000834465,4.073855880647898,48.40072362869978,10.74973273277283,39.75210946798325,.48664746,.52712196
1133,25.8500000834465,6.86645282804966,16.50237330794334,6.029259406030178,15.00890854001045,.58482164,.52354789
1134,47.30000013113022,5.780436106026173,37.39006757736206,8.626145176589489,27.45466575026512,.51745182,.47258937
1135,33.25000041723251,2.918606050312519,23.9395794570446,8.59835759550333,12.0541147813201,.44777131,.4398621
1136,113.8000004887581,18.454145912081,84.22754668444395,31.01843401044607,52.018460765481,.53223127,.50112182
1137,68.2500005364418,15.31424202769995,47.14663851261139,17.35021283477545,39.68718998879194,.56978112,.54496419
1139,129.3000004887581,19.2945800088346,91.3755739107728,28.91201945021749,62.38965138792992,.50257051,.46486345
1140,37.00000041723251,1.097846999764442,34.44927722215652,5.955661654472351,23.98915825784206,.4952023,.48514163
1150,35.30000001192093,2.277099821716547,30.66385820508003,10.23071545362473,16.95567098259926,.49883935,.52998728
1161,57.1500004529953,7.012905690819025,19.31023844331503,4.555137101560831,19.24479666352272,.29165399,.24807586
1162,74.00000059604645,14.07222404330969,35.30248695611954,10.74697825312614,30.83653257787228,.4286955,.35358438
1163,108.4500001072884,13.65835519134998,58.72245487943292,25.74664756283164,37.8841518163681,.39667666,.41206753
1171,65.55000001192093,14.32246378436685,42.10195264592767,16.3269478790462,35.02386867627501,.53964061,.51623011
1172,21.40000015497208,1.002274833619595,14.99356103688478,5.216339059174061,9.478659428656101,.39715213,.46521816
1211,32.54999971389771,2.617869965732098,18.82802001386881,4.5774215310812,8.578157402575016,.369643,.27239633
1212,103.7499999403954,8.377748187631369,46.85114854201674,12.40429624915123,33.3001200966537,.30653805,.28004199
1221,34.59999996423721,1.583622865378857,23.61032153666019,7.576087903231382,12.33430217951536,.38695908,.39720345
1222,100.5500007271767,7.625858951359987,58.63342453911901,13.12272795662284,36.95453077927232,.36740497,.31427145
1223,29.10000032186508,2.716726927086711,12.49725156463683,4.109777312725782,7.425365813076496,.30808771,.26881307
1224,125.9500009417534,16.82844572141767,69.08421425521374,31.79783702641726,44.21899783611298,.40786466,.42800584
1225,19.00000023841858,2.074983991682529,16.22413352131844,3.814798213541508,10.42526000738144,.53616059,.47512779
1231,80.75000011920929,5.463987998664379,59.54150207340717,9.735302180051804,42.06979142874479,.43634352,.38105509
1232,43.35000050067902,5.899573348462582,27.55993908643723,13.71145546808839,15.89191136136651,.4539687,.49959424
1233,28.20000028610229,4.234859380871058,9.274995550513268,5.131942313164473,9.455224569886923,.31462258,.34962958
1241,129.1000007987022,18.71392375603318,83.85613589733839,20.90205325186253,65.84924894198775,.46972883,.41693786
1242,31.29999977350235,4.574076749384403,21.57937668263912,7.172330729663372,14.21812802553177,.49085513,.4562746
1243,32.14999979734421,2.559580691158772,25.72944986820221,5.045347526669502,19.17426262795925,.47976068,.45513153
1251,137.8500007390976,5.887376688420773,104.457826860249,31.43002890050411,57.75836181640625,.42159078,.43749881
1252,29.25000011920929,4.329853323288262,12.94602685421705,2.664377893321216,9.636292519047856,.36932877,.25581279
1253,30.40000021457672,4.804402932524681,17.27941022068262,6.488213781267405,11.59878776594996,.44224039,.4041976
1254,87.65000021457672,12.24636460095644,48.48447836562991,19.32941002398729,33.89530339464545,.41629896,.41388547
1255,143.8000011444092,27.02108618617058,89.89601584523916,29.05789500847459,61.56168732792139,.50048047,.41612473
1256,56.80000054836273,13.94451754540205,26.11636762320995,13.85806845128536,22.6319663785398,.47539967,.44320512
1257,25.45000034570694,4.591859351843596,15.99955616891384,5.68940669298172,9.953415088355541,.49475983,.41910076
1258,86.30000102519989,6.772184513509274,72.11742318421602,21.93696764856577,46.71063821017742,.4963024,.52482373
1259,138.3500008583069,21.11854621209204,91.58621115237474,32.51790574193001,61.63283246383071,.4836404,.45778331
2111,76.95000040531158,12.12922374531627,38.56890566088259,13.57304414734244,26.90840215608478,.40823492,.35123125
2112,232.9000006914139,23.88617828860879,148.6640669442713,50.02158163115382,91.76234788820148,.42171839,.41177654
2113,132.8000002503395,18.86637729220092,80.59202367067337,20.00425869971514,64.20289868861437,.44549993,.39236227
2114,80.35000038146973,10.58308817818761,59.18649477511644,21.16960496455431,37.97879973053932,.50001663,.49980092
2115,204.9500006437302,29.02479489147663,150.4934614785016,54.12700451165438,107.3051827587187,.5087657,.52588236
2119,29.95000022649765,1.326759915798903,15.50265297293663,8.970634538680315,6.416732519865036,.30310807,.40664443
2121,210.4000015258789,21.61399176344275,146.5527097210288,30.76858960092068,107.1202142387629,.45099974,.40080178
2122,121.2000017166138,21.57581533491611,74.31999390572309,22.9851237423718,52.39842216297984,.4846189,.40581134
2123,71.75000035762787,10.05125743150711,32.84003540128469,9.046207346022129,20.5934077128768,.36893764,.26958761
2124,69.65000021457672,17.91992191970348,36.60493718832731,14.07238120771945,25.85092713311315,.52006304,.38762161
2125,77.55000030994415,11.61302799731493,44.37137293070555,12.41180897317827,34.55100559256971,.43583125,.38281512
2126,80.20000034570694,14.53882192866877,50.02795168943703,14.94539035763592,39.10423841699958,.49317703,.43014351
2127,30.00000023841858,6.124020107090473,23.18824857473373,7.852050591260195,18.19291423261166,.59060478,.56495023
2129,422.0000033378601,63.90719487052411,233.0079374499619,72.45866480283439,181.5961248874664,.42751461,.38686427
2131,32.05000030994415,3.246700674295425,28.18554601073265,2.635345265269279,23.81355382502079,.54101324,.45373237
2132,216.650001168251,71.12221860140562,125.657198086381,57.37948338314891,121.2162088342011,.61828208,.54460001
2133,142.6999998688698,77.07769475877285,59.97365121915936,36.87212254665792,87.67587157711387,.75027692,.56559259
2134,92.70000064373016,54.24765636026859,35.86698747053742,22.34322620928288,63.29476730525494,.7786532,.58242297
2135,144.7500004172325,60.35127927735448,77.71162604540586,34.11650696769357,93.35948303341866,.68536854,.55817789
2136,38.55000030994415,26.97180734574795,10.36117846518755,12.76195280626416,21.33851747959852,.83404398,.60781354
2137,36.35000032186508,18.21652866154909,16.24308443069458,6.867485448718071,25.78899230435491,.72456867,.54365838
2139,78.6000007390976,45.35791847109795,29.42587723210454,20.66908459365368,47.95951282233,.76426023,.5680514
2141,75.85000044107437,36.58133715391159,34.45049212127924,23.13206772506237,45.76491577923298,.70938146,.6066516
2142,22.1000000834465,1.876575574278831,19.75173869729042,.5973323509097099,20.16944345831871,.53178483,.48335087
2151,85.85000026226044,6.427204839885235,70.72969605028629,27.06228260695934,43.15235247462988,.48680317,.56655163
2152,203.7000015377998,18.30606101453304,164.5509999766946,59.96849250793457,100.9610556177795,.49377301,.54221416
2161,43.55000007152557,8.675776086747646,28.62815368175507,11.50898116827011,21.14361146092415,.52789557,.50702149
2162,23.30000001192093,4.595475271344185,17.07393497228622,7.958845961838961,11.01440981030464,.56362414,.57794207
2211,41.80000030994415,5.172015074640512,30.1782730743289,6.652122233062983,16.58227839320898,.48471653,.35749429
2212,354.4500024914742,33.79617477580905,215.6140626557171,54.19964827224612,119.8193507567048,.3995012,.32193348
2221,34.25000035762787,3.96785519644618,11.87853789702058,5.754496991634369,11.55902745202184,.28925911,.33675945
2222,32.15000003576279,4.099622659385204,11.84970067068934,5.468765497207642,11.84748982265592,.31180319,.35435492
2223,35.14999997615814,4.996829807758331,20.49690786004066,5.872388780117035,16.21016135439277,.43372074,.39765206
2224,75.50000011920929,9.049323879182339,39.67695274949074,17.16701349616051,30.61713142693043,.38261986,.43014011
2225,41.65000003576279,3.62173093855381,24.27997410297394,7.693841949105263,16.6010023355484,.3784326,.38401785
2226,193.6500007510185,21.09602505713701,123.2686294987798,51.64033212140203,79.68754937127233,.42721578,.47241986
2229,240.6500006318092,23.41787331178784,114.1825159229338,49.90547088161111,78.76904321089387,.33454865,.37103674
2231,37.80000019073486,3.688876774162054,16.08252144604921,4.705014396458864,10.66843600571156,.31032109,.26558816
2232,22.85000002384186,2.463979013264179,9.839893143624067,3.584691420197487,9.120713844895363,.32314771,.35645726
2233,70.95000040531158,3.08570297062397,34.40913669764996,5.80131446942687,22.51506543904543,.28597987,.24043477
2234,33.10000032186508,2.066748704761267,18.13591149449348,6.394456950947642,10.00563076883554,.33639589,.34432846
2235,36.90000021457672,1.495960678905249,15.05921420454979,4.825907466933131,10.07412888854742,.24459533,.26728922
2236,67.15000027418137,2.567373614758253,38.06837444752455,10.99427896738052,20.12395182624459,.32169116,.31357044
2237,32.05000001192093,3.008964039385319,17.74930507689714,4.119547992944717,11.42663608491421,.37078366,.30679768
2240,33.90000015497208,2.876118294894695,11.21996674314141,3.390953160822392,7.24003766104579,.25032747,.20681334
2251,33.19999986886978,4.901104364544153,17.38476827740669,7.336914949119091,8.077267058193684,.40944242,.342637
2252,34.20000004768372,.6649729311466217,24.92894047498703,3.148619312793016,8.606333889067173,.38390183,.21788849
2253,81.60000032186508,3.641272775828838,26.11697428673506,6.777756504714489,14.36502388119698,.20465392,.17108172
2254,88.75000065565109,8.623832069337368,44.66749344021082,8.848446194082499,29.76546125113964,.3488178,.26739353
2255,37.10000020265579,3.384988658130169,7.856747679412365,2.782731279730797,10.38436659425497,.19712567,.21495727
2256,20.75000011920929,1.286029294133186,9.02097076177597,4.043288640677929,4.030491948127747,.2793501,.29197758
2259,284.7500015497208,27.29141141101718,151.9088805392385,50.06022363528609,92.00307003594935,.3625842,.33735472
2311,40.00000017881393,12.15871263667941,21.31820632889867,12.42325246706605,14.98993760719895,.57044542,.49795553
2312,33.95000010728836,7.521817792207003,18.41510951891541,7.224329927936196,15.38764302060008,.49276501,.43941537
2313,764.0500046610832,171.5457595121115,312.1494252681732,139.8484468832612,281.1295013912022,.42879453,.36700895
2314,42.00000023841858,6.045217398554087,16.55952297896147,6.724802635610104,14.18676691129804,.34107092,.32900444
2315,36.1500004529953,5.965903982520103,9.959074348211288,6.539721172302961,11.70238421857357,.30277845,.34276384
2316,126.1500004529953,14.80065358430147,48.36933682858944,18.72250713035464,43.52496122941375,.30903941,.32092738
2317,37.70000046491623,7.373411748558283,18.76897323131561,6.662628851830959,16.10787468403578,.44450659,.39035985
2319,132.2500010728836,19.0918795876205,72.75836451724172,28.34036028198898,46.7219080850482,.41944093,.39093623
2321,169.350000679493,14.58825443685055,124.078824788332,52.01829491555691,65.49212017655373,.45248106,.50052762
2322,38.35000032186508,4.27763893455267,25.61889979988337,9.145593382418156,16.26147594302893,.44555643,.45049104
2323,59.00000023841858,9.245210163295269,35.22839181870222,17.80150602012873,23.47209428623319,.45524418,.50063652
2324,23.00000011920929,3.697945065796375,14.31836029142141,6.063759069889784,11.15347569435835,.47204891,.50610858
2329,52.30000019073486,11.24447204358876,35.61386159062386,14.80522961914539,23.26507211104035,.55547613,.50550222
2411,53.5,3.36805022507906,41.90870328992605,7.49921952933073,27.80086612701416,.45462433,.39999351
2412,89.75000071525574,4.329121619462967,70.22285360097885,12.70121581852436,54.89364603161812,.43944901,.44733191
2419,69.95000040531158,17.65772652626038,45.67956738173962,23.34206265956163,35.61813481897116,.57894939,.58829349
2421,136.400001168251,22.75169476494193,104.4510351493955,30.93646043911576,85.30349833518267,.54968631,.53950298
2422,105.0000007152557,12.0682485923171,87.43857211619616,30.28651639074087,60.65913259238005,.53130984,.57729602
2423,37.24999994039536,5.735574923455715,29.35477529466152,12.33348976075649,21.16543485224247,.54799902,.61520022
2431,92.25000017881393,14.49693158268929,73.47319360077381,23.07408295944333,57.51369050145149,.55537701,.56185287
2432,46.75000005960464,4.095818683505058,36.5861003100872,7.301585353910923,31.81763519346714,.47890627,.49647921
2433,151.4000014662743,53.02954346127808,95.98462897539139,50.1299828402698,87.95710713230073,.66725135,.62158877
2434,53.80000025033951,11.040816873312,39.62310607731342,14.7553999684751,28.57672024518251,.5734641,.53984684
2435,9.450000107288361,3.853549659252167,4.747611060738564,3.945410504937172,4.268735442310572,.65897936,.64336276
2439,30.85000020265579,4.378092437982559,24.74386186897755,12.07105216383934,16.24075458198786,.54295051,.65450341
2440,98.90000015497208,12.98323897272348,79.10653362423182,22.67456226795912,56.92195394635201,.53120834,.51704288
2451,73.60000032186508,7.454352371394634,55.95313431322575,13.71132200956345,37.82589086890221,.48139837,.44326451
2452,96.35000050067902,11.18175985664129,77.04110685735941,22.15849671699107,56.58639358729124,.51585174,.52362943
2453,28.90000003576279,2.6879867836833,22.94023215770721,5.793044783174992,14.84056295454502,.48989975,.45720851
2454,79.30000030994415,9.6787737775594,54.00409869849682,10.98785602860153,39.4593953974545,.46255767,.38735881
2455,51.10000044107437,4.8547836933285,40.45008404552937,14.08617889881134,24.34649976715446,.49079892,.51388311
2461,90.90000075101852,11.86834285408258,45.56432708352804,24.55083545856178,32.61477410793304,.3811937,.44948539
2462,24.35000014305115,1.815234925597906,12.64195355772972,5.989669322967529,7.265376523137093,.33413601,.39516869
2463,33.15000009536743,4.773132637143135,7.920382454991341,6.217612408101559,5.416937209665775,.26344869,.26926339
2464,19.59999996423721,2.420788131654263,11.94598017632961,4.729960270226002,5.933172751218081,.42825398,.39268094
2469,53.80000025033951,7.39130274951458,25.92328467220068,12.61851386725903,24.65865249931812,.37830752,.46371451
2471,30.95000016689301,7.05901774764061,19.98785588145256,10.76509184390306,15.25612935423851,.55098373,.59428614
2472,127.7000004053116,14.43195688351989,76.84493082761765,25.24007461220026,55.69623748213053,.41389525,.41572586
2481,101.1500002741814,19.100306247361,65.34074934571981,20.76514452882111,49.56835799664259,.51182085,.45031461
2482,60.15000039339066,8.064568597823381,45.35211602598429,20.47721751593053,26.84943245910108,.51106608,.56362319
2483,41.25000035762787,4.648644465953112,26.39403426647186,9.755524344742298,17.67084584385157,.4326221,.45068961
2491,32.40000027418137,12.1647165864706,17.625283960253,10.64553881436586,13.48047313839197,.64744931,.53659803
2492,68.55000030994415,19.4768282584846,43.40161360055208,24.99028835818172,26.41633167862892,.60069489,.55723494
2493,75.30000019073486,19.97572687268257,49.57374676316977,25.4635535813868,36.19989924877882,.59445685,.57853258
2494,61.15000009536743,9.07078704610467,48.59142577648163,10.04045446962118,41.71152109652758,.54565006,.5052529
3111,130.7500007748604,16.84572801366448,48.45230791717768,22.90679961442947,34.31342100352049,.3141253,.30641308
3112,26.39999997615814,3.910582527518272,8.052632356062531,.8345633950084448,9.402010414749384,.30064011,.20968063
3113,53.3500000834465,5.158965714275837,18.81556833907962,7.05861858278513,12.45730688422918,.27304125,.24905851
3114,93.50000077486038,12.88285979256034,65.1599096506834,17.17948691546917,47.50606913119555,.48623329,.43778098
3115,30.70000016689301,2.516109677031636,16.27075539529324,2.111806800588965,13.42861772701144,.34695399,.28749561
3116,30.10000032186508,6.207615036517382,18.05341771245003,6.445830944925547,14.83343280479312,.50612372,.46054974
3119,30.35000014305115,4.061099519953132,18.31007039546967,5.893635725602508,12.46941106766462,.4354575,.39961585
3120,82.80000072717667,11.11455032601953,65.9371550604701,8.339414684101939,56.45255495607853,.5324049,.44161463
3131,87.50000065565109,55.80624973773956,25.97392804175615,24.36333578079939,50.81126633286476,.78620815,.56878823
3132,15.45000016689301,7.524665802717209,6.083895191550255,3.799484916031361,8.553300350904465,.68392318,.52272719
3133,59.49999964237213,40.93942002952099,17.83311973512173,15.91480612754822,39.29014578461647,.83791566,.59764504
3211,31.45000016689301,1.243660248816013,16.54819646477699,4.872286476194859,5.39270193874836,.30263144,.2406562
3212,27,5.861717082560062,9.954618148505688,4.760362312197685,7.995716191828251,.40144542,.32437852
3213,145.1500003933907,11.45328893885016,40.92270599678159,8.5591373257339,29.24845935497433,.21987352,.15972006
3214,92.70000064373016,6.67695108614862,33.1206873729825,11.96086590178311,24.76525473594666,.25067201,.2626051
3219,45.75000017881393,4.791363224387169,26.74335864186287,10.29221335425973,15.00335674732924,.39700639,.38893753
3221,73.45000022649765,9.132318794727325,38.24929801002145,15.54220553860068,27.17236594855785,.38471025,.39657438
3222,63.40000057220459,9.975377105176449,23.85186198726296,13.91451792605221,22.79233886301517,.3454465,.3992222
3223,16.10000020265579,1.359895423054695,11.71020387858152,5.234579458832741,7.803158968687057,.44813648,.56746328
3224,128.8500003814697,16.41087246313691,60.87950434535742,32.18043212220073,46.04756703972816,.36360595,.42843783
3229,130.7500007152557,22.95845782384276,71.24429403245449,35.22071987017989,52.17408047430217,.44803521,.46889299
3231,26.55000007152557,4.136508092284203,8.208490490913391,2.958352442830801,6.401234272867441,.31038618,.23197626
3232,36.05000025033951,3.842876814305782,10.73975399881601,7.036059942096472,9.905793476849794,.25555488,.33256468
3240,41.45000022649765,2.274983709678054,10.19709791056812,1.822978742420673,5.423604235053062,.17788981,.10940364
3311,55.05000030994415,5.460751876235008,8.794453606009483,3.575188964605331,9.522568188607693,.17907318,.15143457
3312,46.65000009536743,5.411708030849695,16.37073846906424,4.935715604573488,18.21966833621264,.29147005,.30108359
3313,81.35000020265579,8.776023177430034,19.84693603776395,16.72426542267203,11.40222778171301,.22986467,.27566537
3314,45.30000054836273,7.955984100699425,7.096031554043293,5.565070953220129,13.64485374838114,.25395143,.2734547
3319,114.2500007748604,14.71782635897398,68.42895709723234,15.34611600637436,52.36418781057,.4282915,.36348543
3411,111.8500008583069,4.872191801667213,82.82176824659109,7.269328691065311,61.25952514261007,.41379595,.33883855
3412,182.650000333786,108.5568160638213,65.46501005813479,93.67669218406081,60.74660100787878,.77355224,.67916775
3413,139.8500005602837,36.72415651008487,52.44173422455788,28.99419559165835,41.36666658520699,.45008954,.35522008
3414,51.74999994039536,3.8501006513834,14.02032247185707,5.971049677580595,7.275376856327057,.20986013,.1856761
3415,71.44999986886978,29.03841407969594,22.81147594749928,11.68067207932472,17.22509010881186,.56604832,.28401983
3416,109.5500003695488,15.97123758494854,75.76085290312767,17.86065887659788,57.4299196228385,.49157155,.42515397
3417,136.350000500679,10.55533259175718,77.07464727759361,4.427214741706848,51.16222894750535,.36004883,.22008309
3421,34.35000014305115,2.384658165276051,27.426518663764,3.346430987119675,21.36437128484249,.46864387,.40840223
3422,132.9500006437302,7.371647857129574,85.88672547787428,13.45925885625184,64.09253732860088,.37845063,.3422755
3429,125.0500005483627,7.62496180087328,82.48950161784887,10.91189968958497,59.8042425699532,.39080137,.32638162
3431,18.80000013113022,.9868987947702408,3.379234313964844,1.096095278859138,1.474439010024071,.14236787,.097516745
3432,297.2500007748604,40.61766903102398,130.8149948120117,54.3540628105402,76.98967967927456,.35668686,.31235963
3433,58.35000032186508,3.194770846515894,19.47976024448872,12.31336416304111,12.86664389073849,.22167353,.32127997
3511,105.0000002980232,13.32262996956706,43.08853732421994,3.548989206552505,48.85587986931205,.3320657,.26644695
3512,53.90000033378601,6.037869054824114,18.75604164600372,4.62928381562233,19.2410278879106,.28600907,.26437473
3520,59.45000022649765,14.95418000221252,40.33688095211983,9.829768277704716,38.94304293394089,.5907926,.49287283
3531,107.6000003218651,21.50262117385864,80.94398003071547,25.68022212013602,54.06942307949066,.5759722,.48991573
3532,32.25000011920929,5.779804114252329,24.81066417694092,8.270809534937143,18.37057948112488,.56388021,.54127437
3533,61.45000022649765,22.67915286123753,35.43487876653671,12.91220732405782,33.28678250312805,.65738964,.48096988
3534,90.55000072717667,16.97405904531479,69.78988900780678,19.85084501281381,58.83108313381672,.57282168,.54407936
3541,98.80000019073486,9.666642621159554,80.32041115313768,16.16572508960962,59.17665373161435,.50432032,.46309769
3542,33.50000029802322,9.600167140364647,22.74333213269711,10.75845757126808,16.18454213440418,.62602484,.56270832
3543,19.70000016689301,3.601626738905907,15.73334999382496,4.556679368019104,12.63407407701015,.5821473,.5519653
3544,36.69999998807907,15.93706978857517,19.77051792293787,14.41032426990569,18.85700444877148,.70360571,.64955932
3549,148.5999999046326,53.48694475740194,83.12703550606966,34.03829458728433,77.9325807467103,.63963974,.49128252
3551,23.60000002384186,2.113939112983644,19.09507563710213,3.161465976387262,13.40485150367022,.49413037,.41796151
3552,35.65000021457672,7.986348558217287,22.9447593614459,11.8293788023293,16.2319628149271,.54582685,.55947715
3553,29.40000021457672,1.931590251624584,24.1142101585865,5.945170599967241,16.39047613739967,.47580597,.48096627
3554,87.25000047683716,15.00275958329439,65.42287275195122,23.8561320528388,49.7071880325675,.54686755,.55827767
3555,95.25000041723251,5.027572512626648,80.03296069800854,20.06140038371086,45.63083170354366,.47290343,.45015031
3556,97.70000034570694,9.413860503584147,80.82479449361563,23.51940358430147,57.69692382216454,.50999242,.53600681
3557,142.350000679493,11.7015933021903,98.82188289240003,21.27806724980474,57.28003616258502,.42931181,.35067147
3560,74.20000010728836,21.01046433672309,43.87351963669062,23.51545008271933,35.37341873720288,.57880354,.55528516
3571,89.5000005364418,22.28277073055506,57.80502238869667,24.10536561906338,38.22693720459938,.57190257,.48289201
3572,25.60000026226044,2.782729461789131,15.24643116444349,4.559180974960327,11.86102982982993,.40648222,.40975374
3573,24.20000010728836,3.499552175402641,18.1475762873888,8.763151682913303,8.981376811861992,.5195595,.54767936
3574,29.30000013113022,2.585581585764885,21.33000941574574,8.09421344101429,9.515099830925465,.45223844,.43862674
3581,197.6500011086464,27.81184607744217,94.82545684278011,33.15457735955715,67.17810763418674,.38059485,.33768597
3582,92.85000032186508,6.174203280359507,58.6420775577426,24.54720600694418,29.48637562990189,.38228586,.42315987
4111,40.55000013113022,13.40962164849043,25.4434709995985,13.38981535285711,22.16114489734173,.64442313,.6034621
4112,45.60000038146973,10.65315840393305,30.14904586970806,13.36971985548735,24.10685688257217,.56420356,.55752516
4113,36.10000044107437,14.16530171409249,17.77462886273861,11.08184472098947,15.96602074429393,.63857663,.52811235
4121,33.10000020265579,9.452768597751856,23.00266133248806,6.423477133736014,19.98208874464035,.63305438,.49590698
4122,62.50000107288361,34.86918164044619,25.23384933173656,15.65526903793216,32.91200140863657,.75977767,.5137803
4123,59.00000089406967,17.19889548420906,26.13959178328514,15.12156002223492,15.74056713655591,.51302868,.38969225
4124,31.35000002384186,17.34485813230276,12.70670037716627,5.832966797053814,16.42574168741703,.75592369,.44803309
4129,87.2500005364418,27.72322525084019,50.7235569730401,23.27307319268584,42.6829481869936,.60842413,.51134151
4131,100.2500004172325,35.28960332367569,51.85472699254751,25.17833035252988,51.91122549772263,.61064303,.51006424
4132,83.40000021457672,33.63950836658478,45.73709109798074,21.19615773484111,43.23053177446127,.67755461,.51332641
4133,24.25000023841858,3.688792798668146,14.25699066370726,3.498415343463421,10.07831056416035,.44607374,.35206476
4134,21.30000013113022,3.249097339808941,15.24799172580242,4.83215693384409,10.06221179664135,.51047385,.46306399
4135,30.40000009536743,10.55171059072018,12.86411787196994,7.871729057282209,14.46519610658288,.5586766,.49685287
4136,35.50000011920929,7.028318546712399,26.38430435955524,9.713558062911034,17.44156794250011,.56959075,.51927722
4141,18.84999996423721,5.618801131844521,11.79875425994396,5.655743073672056,9.856596700847149,.61104393,.56148762
4142,29.00000017881393,6.255593631416559,18.39840379357338,5.540265422314405,12.50903010368347,.532924,.40671656
4143,28.00000023841858,4.79795490577817,18.95058441162109,6.804817348718643,12.37038683146238,.50975883,.46392894
4151,29.40000003576279,10.53113279491663,15.78955755382776,9.782407179474831,11.0820230320096,.62673169,.52120471
4152,15.10000002384186,8.872061938047409,5.58271836489439,3.561575092375278,10.44021758437157,.772412,.58156848
4159,89.45000046491623,52.12314573302865,30.64956108480692,28.3912266716361,46.63638598099351,.75402933,.57808185
4211,30.90000015497208,14.63055500388145,13.60617426596582,6.899313203990459,13.77338821440935,.69364536,.44614911
4212,17.6000000834465,6.991826396435499,8.24149052798748,5.491079762578011,10.03740404546261,.63139611,.59714669
4213,28.05000007152557,11.83456645533442,11.0403276309371,7.899856667965651,11.7095863558352,.61870694,.49036184
4214,9.400000095367432,2.307577818632126,6.578033857047558,3.433639034628868,4.159562826156616,.59538239,.58653408
4215,40.9000004529953,18.06706907227635,18.47410261258483,13.35064703598619,18.62639855593443,.66758239,.55412829
4216,19.55000013113022,4.562668971717358,9.73627869784832,8.75984837859869,4.861420631408691,.48239428,.57240707
4217,33.19999998807907,27.59342926740646,5.180499330163002,4.538874462246895,24.82297575473785,.90914696,.51055306
5111,128.1000000834465,5.369924437254667,23.97208216320723,5.547616665251553,17.58167676441371,.13548763,.11193173
5112,26.35000020265579,1.552323959767818,10.54266707226634,1.958825834095478,4.34372977912426,.25896233,.15676245
5113,68.65000051259995,3.156221233308315,18.2270517796278,1.957419611513615,14.53723099827766,.17872901,.13439235
5114,26.75000029802322,0,4.011048346757889,.2849206402897835,2.247270815074444,.074972868,.0526563
5119,116.0000009536743,4.902216400951147,36.43770992569625,7.531196981668472,21.77859224006534,.19931959,.15879735
5211,59.94999986886978,1.914370242506266,6.355150908231735,1.313898255117238,4.870375843718648,.084936544,.06253688
5212,59.05000030994415,2.237341852858663,5.703611083328724,1.162817355245352,7.31624246109277,.086183697,.081641637
5213,90.45000028610229,4.438489006832242,5.962106082588434,1.726022262126207,6.955068508163095,.082029209,.057529647
5214,36.55000030994415,1.112256145104766,4.34377234429121,.3235035985708237,3.184964725747705,.089853413,.052420955
5221,38.30000048875809,8.909828764386475,3.306207677349448,1.024176578037441,12.68128774687648,.2757946,.19229296
5222,66.15000075101852,9.401910479180515,10.34378898888826,1.786887121386826,14.65151330642402,.2203145,.13775727
5223,252.2000017762184,34.1769084520638,52.55446182284504,19.06552957370877,50.80025430209935,.23970713,.17631109
5224,87.99999994039536,13.12012528255582,21.11844238266349,7.544921380467713,18.62800829857588,.26908347,.1915787
5225,30.70000016689301,1.649432733654976,5.312795532867312,1.250155596062541,5.174147460609674,.14025506,.12499119
5231,161.750001013279,11.05696404539049,22.73088761232793,9.70918245613575,20.9443051526323,.13862385,.12476869
5232,35.20000034570694,.2287542447447777,4.658970654010773,.490494042634964,1.058445654809475,.072677262,.028969228
5233,38.40000003576279,.1740765506401658,4.279951624572277,.9150051595643163,1.217876333743334,.060261779,.039686024
5234,43.20000046491623,4.347610434517264,6.538685029372573,1.335356932133436,8.954313471913338,.17631835,.13454893
5235,28.70000016689301,1.392492340877652,2.932429481297731,.1401214394718409,5.124474544078112,.099606521,.094158843
5236,27.55000030994415,1.55349276214838,1.995588548481464,1.579937040805817,1.928088463842869,.092605703,.092340514
5241,112.5000008940697,6.781064305454493,29.65295924805105,6.650470106862485,24.90019940771163,.19206706,.16978285
5242,23.25000011920929,3.002221968024969,4.146454066038132,2.150720454752445,4.053645126521587,.21829888,.17967927
5243,22.50000011920929,2.050458900630474,5.006119780242443,1.252446599304676,6.297254826873541,.20237862,.19560328
5244,31.75000005960464,19.52040539681911,8.85164837539196,8.104270685464144,14.6204651594162,.75421196,.48549616
5245,26.75000023841858,3.452647566795349,6.849536783993244,2.719230629503727,4.856133457273245,.25709966,.19242233
5246,33.95000010728836,4.293973470106721,10.12155288085341,2.586285334080458,7.520299151539803,.27554491,.18693475
5249,73.00000065565109,7.595182824879885,16.78162508830428,3.677490063011646,15.39638308435678,.21898624,.15583125
5250,21.95000010728836,3.157691317610443,10.3332420065999,1.437959277071059,7.370489989407361,.37923974,.23340338
5311,22.55000019073486,.1770059801638126,1.539388909935951,.1667323857545853,.9797935597598553,.041982282,.02911881
5312,53.25,1.850000023841858,2.129516378045082,.0772009044885635,2.977643087506294,.054737244,.029408872
5313,29.55000019073486,.8816860318183899,3.094787254929543,.959889218211174,2.194283165037632,.08220236,.06961187
5314,70.65000021457672,1.696165263652802,6.931880846619606,2.10350875556469,1.876632265746593,.073065899,.043054845
5315,32.35000020265579,.8449416384100914,4.493403971195221,1.889477901160717,3.126338889822364,.095568582,.10672789
5316,78.15000051259995,1.900546059012413,11.62681679427624,2.587677262723446,7.163513474166393,.098707028,.078943491
5317,85.80000048875809,3.092812620103359,8.374506771564484,1.708741776645184,5.149650797247887,.084849253,.049925026
5319,133.0500006079674,5.788662085309625,37.68266226351261,9.968021526932716,24.90716924518347,.18511832,.16852015
5321,52.15000009536743,1.002046763896942,1.27255217730999,.6012071222066879,2.401644710451365,.031415585,.034554735
5322,63.50000011920929,2.043662585318089,5.017048962414265,1.056741558015347,2.435948211699724,.071687981,.035822295
5323,29.05000025033951,1.633494406938553,1.362666733562946,.9560668170452118,1.019687086343765,.079684258,.050461631
5330,116.2000008225441,8.587296470999718,53.2768685054034,15.63502599671483,26.78883202560246,.30314744,.24982308
5411,37.85000014305115,3.342932177707553,6.960865065455437,.6037026066333055,7.076035991311073,.18027383,.10942458
5412,66.25000011920929,2.056953744031489,9.439352033659816,1.532361568883061,5.517726223915815,.10228875,.064773202
5413,146.6500005125999,8.129856788553298,31.97165529616177,4.044147668406367,27.12063288129866,.16444381,.12004407
5419,47.00000023841858,2.106520084664226,8.33151647169143,2.188069246709347,7.035788994282484,.13345273,.12140349
5421,15.40000003576279,1.714078158140182,10.74288982152939,.7339805029332638,7.399912555702031,.46009889,.28791797
5422,82.60000044107437,20.9532612413168,22.68330791220069,4.195642784237862,27.72714389488101,.39097959,.21863456
5423,37.20000016689301,2.042564386501908,8.150930276140571,1.311569962650537,6.475013062357903,.16446316,.12228701
5431,39.25000023841858,1.328235939145088,4.953476130962372,1.468545343726873,3.583770766854286,.096942015,.083068296
5432,47.10000032186508,5.595815729349852,10.52866381779313,5.09692675806582,6.634889464825392,.23057638,.17864907
5433,22.35000026226044,.4272620379924774,2.116851732134819,.881896585226059,.9671477973461151,.06647373,.061094876
5434,36.70000022649765,2.748152803629637,14.11578337103128,6.017834715545177,7.356095943599939,.26719466,.264193
5435,35.55000025033951,.7484141737222672,4.31777036562562,1.164337920024991,3.673960069194436,.081780575,.084425256
5436,32.50000041723251,1.012881354428828,20.19011059403419,3.53241934068501,14.95328404009342,.34178266,.33874035
5441,112.6499997973442,1.227405212819576,27.33706131577492,4.837818837724626,23.57211693376303,.13223201,.14757104
5442,109.3500001430511,4.289463400840759,20.37268293648958,2.539793411269784,19.77010028064251,.13238047,.11362454
5443,23.6000000834465,2.853168249130249,7.311304718255997,2.911664314568043,6.878549434244633,.27579749,.26910758
5449,100.550000846386,4.360988662578166,24.18447784148157,1.748354700393975,16.57733436860144,.1636323,.099821202
6111,21.10000020265579,1.800625171512365,1.672722391784191,4.034813955426216,3.768596392124891,.12497566,.28052664
6112,26.40000015497208,6.614473268389702,6.918458163738251,2.991383058950305,5.956352300941944,.38157964,.22611967
6113,42.05000019073486,6.397763349115849,14.07337517663836,5.130235463380814,13.5171138048172,.31948754,.28272989
6114,26.80000013113022,1.455866526812315,2.473521701991558,5.780416090041399,4.768827967345715,.10047117,.30465785
6116,44.90000039339066,2.132046483457088,4.404226392507553,11.09017975628376,7.506191894412041,.096529171,.33058521
6117,24.40000009536743,3.98625847697258,1.551434531807899,3.390874594449997,5.226344048976898,.19516294,.24606748
6121,35.24999994039536,2.647368371486664,7.715925797820091,1.296876423060894,7.397045165300369,.18454841,.14171344
6129,161.7000006437302,12.13775813020766,24.50496113672853,10.72860527411103,14.30066093802452,.15083635,.11056856
6131,184.150001347065,21.97021969687194,59.94211243465543,16.8847386399284,53.88382791355252,.28205961,.23799431
6132,18.59999996423721,1.216345712542534,1.471246652305126,.5566315278410912,3.600000023841858,.10494457,.12670062
6133,20.20000010728836,3.191771211102605,6.723825769498944,.8463839441537857,5.889355301856995,.32443979,.18767631
6134,52.94999998807907,4.920778755098581,12.0519050732255,7.814214415848255,10.17815500497818,.20673713,.24368823
6135,74.90000039339066,6.713544793426991,20.48941823840141,8.972798887640238,17.74252842739224,.22641194,.2382385
6136,48.35000032186508,4.79021092876792,20.46765597909689,6.48525445908308,16.51096573099494,.31073505,.30487564
6137,7.800000071525574,1.345970451831818,.0873052254319191,.2558398135006428,1.71741135045886,.17815681,.14289045
6138,83.8000003695488,4.814124390482903,16.80716193467379,8.392019633203745,18.15280126035213,.15772918,.2084537
6211,73.80000019073486,11.35065390355885,19.46482415497303,11.18938114866614,21.15620847605169,.28567839,.29495236
6212,16.20000010728836,2.290797293186188,12.77502131462097,3.880276769399643,7.352287404239178,.535698,.46644571
6213,62.10000038146973,12.65842654742301,15.57007307186723,6.872395597398281,16.20309216529131,.32920229,.24112627
6214,62.85000056028366,9.146647956222296,17.60531381517649,8.649154871702194,20.54481941089034,.28558958,.3010591
6219,70.35000014305115,11.19828605093062,30.73778074979782,20.52305587008595,16.36486992612481,.37764287,.40803826
6221,46.89999979734421,1.322423666715622,6.280123613774776,1.192031688988209,5.168688341975212,.095148943,.080519743
6222,50.80000025033951,2.088349863886833,11.89976835995913,3.884565427899361,6.569681584835052,.15823296,.14113005
6231,24.65000009536743,.7900528237223625,2.931258425116539,1.789559558033943,2.216822683811188,.091508396,.11756475
6232,20.15000009536743,.0222222227603197,1.900725178420544,.3781534433364868,2.554111801087856,.048267238,.082144387
6240,22.70000022649765,3.38301096111536,12.01383407786489,2.70776110701263,9.596550181508064,.41365322,.33066237
6250,16.30000019073486,2.34626367688179,10.27208926156163,4.602420743554831,4.312406323850155,.4590373,.4146395
6311,29.30000007152557,2.475513074547052,11.04344847798347,4.078483738005161,7.697257112711668,.27294326,.27054989
6312,44.75000029802322,6.002364376559854,12.53719756752253,5.133021462708712,12.30635521188378,.27421147,.25220555
7111,32.95000010728836,4.477035138756037,14.06750378757715,7.242316488176584,8.231360517442226,.34934103,.344704
7112,22.95000016689301,3.666444793343544,7.070118516683578,5.072025749832392,4.886602494865656,.31379104,.32746524
7113,10.5,5.089515652507544,4.298917427659035,4.182450257241726,4.128091607242823,.68942612,.59490436
7114,50.15000009536743,6.57077120244503,18.91409510374069,8.770536080002785,10.35894450545311,.31959757,.27816567
7115,41.20000016689301,6.790153592824936,18.54935248196125,11.76594100892544,9.238875038921833,.38992307,.39770335
7121,5.200000047683716,1.81061327457428,3.067756190896034,1.431772537529469,2.135307036340237,.64317143,.48065886
7122,76.85000038146973,19.22665488906205,34.66549237444997,12.04870203323662,32.52336825057864,.47572416,.36838499
7123,14.70000010728836,1.759721115231514,4.764450073242188,2.298271287232637,4.097432836890221,.28176504,.29571345
7124,15.15000003576279,2.483349941670895,5.222283184528351,3.645393084734678,4.250492487102747,.33627006,.38090029
7125,53.90000027418137,3.102227292954922,29.65570767223835,4.231166996061802,22.03790825977921,.33265457,.28293359
7129,56.35000038146973,8.400690000504255,30.6772126480937,20.8897015415132,18.16718782484531,.42128298,.53191298
7131,134.7000004649162,18.38698185328394,94.58638483285904,28.63014183752239,60.22917777299881,.48760337,.43611529
7132,39.25,3.793826643377542,29.15456037223339,9.618960920721292,14.60509661212564,.46805367,.43112126
7211,19.55000007152557,7.125418417155743,10.39277264475822,8.537140984088182,6.770160473883152,.63027132,.60983229
7212,19.25,13.47243712097406,3.836369268596172,8.965698517858982,5.801322810351849,.7995128,.61643428
7213,64.1500004529953,12.12357044406235,34.55666243471205,10.27777241170406,32.35840751975775,.45833051,.41242364
7214,42.00000023841858,10.70972714945674,21.43035991489887,8.540570206940174,18.59002512320876,.51011682,.42465672
7219,8.100000023841858,.9982242248952389,5.193100452423096,3.505837306380272,2.645756542682648,.44379932,.5961377
7220,24.40000009536743,3.801637336611748,16.06290684640408,7.603780344128609,8.811772063374519,.48496273,.49219945
8111,40.95000016689301,3.778520760592073,2.761192018166184,2.984245342202485,3.749554155394435,.12598576,.11865745
8112,34.00000005960464,3.234165906906128,5.467770748771727,.8350802082568407,4.360675876960158,.17553093,.088688768
8113,34.95000016689301,3.168199513107538,6.697071228176355,3.676486413925886,6.281417850404978,.1864588,.19505566
8114,14.40000003576279,.2411851100623608,.8244269825518131,.1223939321935177,1.092543693259358,.045374904,.046435125
8115,34.50000011920929,1.300339367240667,4.029761871322989,.3491198997944593,3.463401520624757,.096093342,.060313642
8119,72.10000032186508,3.532989032566547,4.912227570079267,1.218402601778507,5.458437567576766,.083066612,.054752029
8120,35.50000017881393,2.944143703207374,2.06622070632875,.3999768188223243,3.710311995819211,.11203533,.063524865
8131,30.45000022649765,.6764894537627697,5.149841360747814,.7149545922875404,2.294484067708254,.10677866,.061155882
8132,45.85000038146973,1.938243873417377,3.293638940900564,.3525507673621178,5.858743321150541,.078191131,.071579553
8133,76.35000014305115,6.517312064766884,15.50512679293752,2.732067920267582,17.46453403867781,.18690079,.15015501
8134,60.05000019073486,4.127886012196541,19.35185948759317,3.296827752143145,18.93652928061783,.22987203,.21257439
8135,21.6000000834465,4.671028438955545,6.363792102783918,1.561618722975254,5.491830471903086,.36356133,.19942287
8139,75.15000039339066,4.35712068900466,9.892109682783484,3.387067404575646,6.069473747164011,.12379475,.085453153
8141,10.70000010728836,1.032477146014571,.8676065821200609,.3175526186823845,1.411631031893194,.13703555,.095641881
8142,25.30000025033951,.9271085532382131,3.293821152299643,1.29922210983932,1.264873247593641,.10173988,.076350145
8143,17.80000013113022,2.852455956861377,5.854881975799799,1.363091650418937,4.444762904196978,.32471332,.20143107
8144,10.10000014305115,1.659361205529422,2.515230562537909,.446800890378654,2.831992770545185,.28880954,.18443537
8145,35.1000000834465,.3188132792711258,2.598768264055252,.0294565781950951,1.682486921548843,.04610249,.024806269
8146,26.60000020265579,.1619782540947199,2.649563189595938,.5528962761163712,1.048586116172373,.055893227,.040495839
8149,18.65000027418137,.947238527238369,2.130667731165886,.299975099042058,1.992797823622823,.10791273,.069510669
8151,21.90000009536743,.8258064836263657,1.31514310836792,.0917293280363083,1.389883980154991,.06773416,.035921063
8152,23.59999996423721,.2144362907856703,1.566895086318254,.0215419493615627,1.382647648453712,.042283215,.030206177
8153,23.60000020265579,.0656249970197678,2.018860474228859,.1540025435388088,1.64934429526329,.045553189,.041469265
8159,150.1000006198883,4.440118651837111,16.02720844745636,3.938768463209271,14.09335943311453,.082969509,.07318753
8160,27.10000020265579,4.898927935399115,14.89221802353859,3.783030135557055,11.15920852124691,.45553643,.34548467
8211,36.80000025033951,6.173385620117188,6.747277706861496,2.569881021976471,10.44059007242322,.25943002,.21168956
8212,29.95000022649765,5.469595462083817,2.802903294563293,.8986475132405758,7.60690426453948,.22941726,.15699832
8213,20.8500000834465,4.174904465675354,3.547039180994034,1.329588267952204,7.228044550865889,.28529611,.23710363
8214,10.3500000834465,3.253705553710461,2.433333538472652,1.023043934255838,4.206408891826868,.43192002,.30205297
8215,38.1500004529953,5.886346623301506,18.08857953548431,8.743374187499285,11.41775523126125,.3913666,.37882704
8219,5.199999988079071,.5,1.100000023841858,.2908174097537994,.3579466585069895,.20192307,.090344369
8221,23.60000026226044,.9559305980801582,.5345999151468277,.4551151525229216,2.282546295784414,.051831804,.067643568
8222,13.34999996423721,1.095105480402708,.6592074930667877,.3110913801938295,1.657390508800745,.10671979,.085377276
8229,31.95000010728836,.4060045145452023,2.51893145032227,.1257130345329642,2.158917671069503,.052127395,.037720561
8231,27.3500000834465,4.385596681386232,2.317684080451727,.8779967427253723,5.825401611626148,.20272171,.13859954
8232,29.40000021457672,2.12532346136868,2.652163479477167,.3888326287269592,6.923196662217379,.11739473,.13096704
8233,25.25000005960464,1.241687014698982,4.189452685415745,1.221851393580437,5.51140084117651,.13213518,.15752681
8234,54.05000001192093,10.21754182875156,12.42698598280549,3.416059873998165,21.08788835257292,.30399695,.25827944
8239,19.05000007152557,3.276771448552608,.8444678857922554,.636079341173172,3.401349119842052,.19417351,.12266424
9111,32.6000000834465,.6703078001737595,2.680759858340025,.6814121380448341,2.692197993397713,.061677538,.062193591
9112,44.64999997615814,2.882566571235657,11.69247979298234,4.483232829719782,10.02829527668655,.19549398,.2127073
9119,78.45000034570694,2.486749425530434,9.705646278336644,.7631345987319946,6.735862775240093,.093557328,.052658584
9121,22.10000014305115,.0294006802141666,2.06737114302814,0,1.021774284541607,.048103452,.023117065
9129,83.7500005364418,1.849736679345369,4.256506077945232,2.107684683054686,3.81224803160876,.047498383,.047926072
9131,19.95000016689301,.0477318875491619,.145156504586339,.2464568838477135,1.06060867710039,.0060305833,.038935401
9132,23.70000022649765,.7239851215854287,1.728294504806399,.3313289955258369,2.126741067506373,.067009807,.058848079
9139,5.700000047683716,.0374676994979382,.3444768451154232,.0096391160041094,.2197460075840354,.036790546,.020967038
9211,46.55000025033951,6.701579257845879,6.991031300276518,3.944639373570681,10.80775140784681,.21905681,.20082739
9219,23.35000014305115,4.663481758907437,4.954867397435009,1.367656983435154,5.174115237779915,.30582079,.16936679
9221,3.849999964237213,0,.4262806475162506,0,.3394209444522858,.055361122,.044080641
9222,2.399999976158142,0,0,0,0,0,0
9223,42.25000011920929,1.098092969506979,4.488262638449669,2.877514626830816,3.842506170272827,.079105899,.1135803
9224,52.55000030994415,1.440638978034258,3.517314065247774,.036802576854825,4.138945192098618,.060880989,.040081356
9225,34.10000026226044,1.749025136232376,4.589216236025095,3.947828397154808,3.003384387120605,.11858162,.15980999
9226,16.80000007152557,.1108671762049198,.3416891042143106,.0759999975562096,.5205600988119841,.016768556,.02001667
9229,34.8500000834465,1.209083326160908,1.503761716187,1.112992271780968,1.747831651009619,.056268699,.057013143
9231,37.50000035762787,5.06886170245707,7.784440534189343,5.571018885821104,10.37700881808996,.23896219,.28692061
9232,16.80000007152557,3.041778661310673,1.858168177306652,1.037830770015717,5.404958628118038,.23636088,.2226375
9233,4.449999928474426,.6250539720058441,2.506660148501396,.0979274585843086,2.337100569158792,.42210877,.28460175
9241,16.40000003576279,1.677298465743661,3.747672058641911,.9200144857168198,3.063207268714905,.21653259,.14948891
9249,21.8500000834465,6.703379664570093,3.701145708560944,2.284248732030392,6.632502093911171,.39148524,.25631577
9251,2.300000011920929,.6717809662222862,.5383071526885033,.6595287770032883,.4205673933029175,.40910196,.37817934
9252,15.90000015497208,1.520520303398371,1.854956466704607,.2611326668411493,1.966769721359015,.15396217,.078271545
9253,10.40000009536743,1.22893688455224,1.94760400801897,.8657534755766392,1.92691096663475,.21180181,.17588547
9259,15.00000011920929,.4703013151884079,1.012300986796618,.1752763688564301,2.663212249055505,.065096788,.10045883
9261,19.50000017881393,.999739296734333,10.31301364302635,2.720669619739056,5.489179594442248,.31570491,.28026971
9262,14.35000002384186,.321565181016922,.569671519100666,.3393658325076103,.6696354858577251,.042257905,.046981435
9263,36.20000028610229,.8620224520564079,3.351053085178137,.3694008644670248,4.530029803514481,.070098035,.072773919
9264,33.90000027418137,2.443340323865414,9.18179003149271,6.562783684581518,4.954488188028336,.20749956,.26666749
9265,34.05000030994415,1.991825900971889,4.814471531659365,3.276917699724436,1.715738581493497,.12919417,.1214328
9266,36.10000032186508,2.385545771569014,6.99220060557127,4.157130712643266,3.337128218263388,.16292648,.16137658
9267,40.10000026226044,5.359413992613554,5.721569754183292,7.854891587048769,5.986175701022148,.20499249,.27052319
9269,34.75000011920929,6.647353401407599,7.669357679784298,4.616351410746574,7.912239437922835,.30164123,.24668981
